Function,Iterations,Best Solution,Best Fitness,Execution Time (s),Population Size,Generations,Step Size,Domain
rastrigin,800,"[-0.9242, -0.0186]",2.0367,0.0185,40,80,5.4,"[-5.012, 0.9106]"
rastrigin,300,"[-0.0038, -0.0055]",0.0088,0.0079,50,30,1.3,"[-1.5334, 8.2702]"
rastrigin,200,"[-0.1255, -0.9593]",4.2127,0.0025,20,20,7.9,"[-4.3556, 1.8469]"
rastrigin,300,"[0.9964, 0.033]",1.211,0.004,20,30,7.2,"[-3.5845, 1.1645]"
rastrigin,10,"[1.9397, -0.2602]",15.1821,0.0,30,1,9.2,"[-7.7986, 8.3629]"
rastrigin,10,"[0.9159, 2.047]",6.8255,0.001,30,1,3.7,"[-4.9365, 9.4102]"
rastrigin,1000,"[-0.9655, -0.0334]",1.3865,0.0218,40,100,7.6,"[-1.8164, 4.3141]"
rastrigin,50,"[-1.0599, -1.0123]",2.8778,0.001,30,5,0.4,"[-9.7374, 3.1598]"
rastrigin,50,"[0.088, -0.998]",2.4952,0.001,30,5,2.2,"[-9.5586, 8.4528]"
rastrigin,900,"[-0.9269, 0.097]",3.7055,0.0074,10,90,7.6,"[-5.8239, 2.2326]"
rastrigin,10,"[-0.0938, 1.136]",6.4224,0.0,30,1,1.6,"[-2.6288, 4.7951]"
rastrigin,700,"[-0.0488, 2.0183]",4.608,0.0046,10,70,7.0,"[-2.6932, 8.0993]"
rastrigin,10,"[-0.9672, 0.7051]",14.4298,0.0005,40,1,5.2,"[-6.4312, 6.6257]"
rastrigin,10,"[-2.8483, 1.9484]",16.6411,0.0,30,1,0.3,"[-8.0722, 6.3551]"
rastrigin,800,"[-0.0131, -0.0277]",0.1858,0.0171,40,80,1.1,"[-7.9912, 4.9123]"
rastrigin,100,"[-1.9246, -0.071]",5.789,0.001,20,10,6.6,"[-6.9862, 5.4892]"
rastrigin,500,"[-1.0121, -0.9426]",2.5842,0.0059,20,50,7.6,"[-5.791, 7.8116]"
rastrigin,100,"[0.9241, -0.9319]",3.738,0.002,30,10,2.3,"[-8.9284, 2.3335]"
rastrigin,300,"[-1.092, -0.9597]",4.0578,0.0036,20,30,7.3,"[-1.6347, 8.2705]"
rastrigin,600,"[-0.9374, -1.0518]",3.2727,0.007,20,60,8.7,"[-5.0054, 2.3751]"
rastrigin,800,"[-0.0398, -0.9461]",1.7758,0.013,30,80,9.0,"[-4.0575, 7.0592]"
rastrigin,300,"[1.9919, 1.0024]",4.9866,0.002,10,30,1.4,"[-0.6475, 9.9204]"
rastrigin,300,"[-0.9728, 1.0151]",2.1676,0.0079,50,30,0.7,"[-8.5088, 1.8213]"
rastrigin,700,"[0.0611, -0.035]",0.9737,0.0085,20,70,1.4,"[-9.5883, 7.6359]"
rastrigin,700,"[-0.0445, -0.0185]",0.4585,0.0187,50,70,6.4,"[-6.7672, 5.0858]"
rastrigin,400,"[0.9461, 1.0348]",2.7727,0.0067,30,40,3.6,"[-2.6254, 9.619]"
rastrigin,100,"[-0.1503, 0.0699]",5.1141,0.002,30,10,7.0,"[-6.4319, 8.9]"
rastrigin,500,"[0.0417, -0.948]",1.7697,0.003,10,50,8.1,"[-8.9048, 1.3159]"
rastrigin,700,"[-0.053, 0.8474]",5.5255,0.0045,10,70,9.7,"[-8.3603, 5.3706]"
rastrigin,100,"[-1.1097, -0.9019]",6.1679,0.003,50,10,8.4,"[-6.1363, 5.7512]"
rastrigin,400,"[-0.996, 0.8812]",4.4308,0.007,30,40,9.2,"[-9.2428, 0.7114]"
rastrigin,500,"[0.951, -0.9115]",3.7135,0.004,10,50,7.7,"[-6.5638, 5.9335]"
rastrigin,800,"[-0.0062, -0.0131]",0.0413,0.0174,40,80,1.3,"[-0.0977, 0.0044]"
rastrigin,300,"[-0.9754, 0.9092]",3.4815,0.0046,30,30,3.6,"[-1.0687, 8.2762]"
rastrigin,1000,"[0.0352, -0.0224]",0.3442,0.0111,20,100,9.4,"[-0.0516, 1.9418]"
rastrigin,200,"[-0.0894, -1.995]",5.5294,0.0027,20,20,9.4,"[-3.2986, 1.9336]"
rastrigin,50,"[1.8816, 0.9985]",7.1806,0.001,30,5,5.2,"[-6.2003, 5.0741]"
rastrigin,100,"[0.0749, -0.0172]",1.1516,0.002,30,10,5.2,"[-3.7744, 0.9027]"
rastrigin,700,"[-1.0186, -0.0709]",2.0862,0.0042,10,70,3.0,"[-8.162, 4.2175]"
rastrigin,1000,"[0.9647, -0.0374]",1.4516,0.021,40,100,4.3,"[-7.7343, 2.185]"
rastrigin,300,"[0.9681, -0.003]",1.1391,0.005,30,30,3.3,"[-7.9904, 7.8075]"
rastrigin,400,"[0.0016, -0.9893]",1.0018,0.0068,30,40,0.5,"[-3.3509, 3.3578]"
rastrigin,900,"[-0.0831, -1.045]",2.8267,0.0101,20,90,5.0,"[-4.268, 1.2381]"
rastrigin,600,"[-0.0199, -0.9849]",1.0933,0.0064,20,60,0.5,"[-9.9934, 0.6454]"
rastrigin,500,"[0.9857, 1.0439]",2.4788,0.0106,40,50,8.3,"[-4.5094, 4.9348]"
rastrigin,400,"[0.1079, -0.999]",3.2225,0.0025,10,40,8.8,"[-9.0505, 0.9977]"
rastrigin,900,"[1.0611, 1.0379]",3.2134,0.02,40,90,8.6,"[-0.4173, 9.6698]"
rastrigin,1000,"[0.0756, 0.9755]",2.1822,0.0271,50,100,9.3,"[-9.6629, 5.7383]"
rastrigin,900,"[0.0314, -0.9187]",2.315,0.0065,10,90,5.2,"[-3.9455, 2.9724]"
rastrigin,800,"[0.953, 0.0201]",1.4214,0.0167,40,80,5.3,"[-5.7364, 8.3976]"
rastrigin,1000,"[0.0003, -0.0173]",0.0596,0.0169,30,100,1.7,"[-2.1617, 1.4697]"
rastrigin,700,"[0.0666, 0.0826]",2.1892,0.0046,10,70,3.4,"[-4.2741, 1.5867]"
rastrigin,1000,"[-0.046, -1.0061]",1.4361,0.0265,50,100,4.8,"[-9.7783, 3.0418]"
rastrigin,300,"[0.0033, 0.0178]",0.0647,0.009,50,30,2.0,"[-8.4252, 5.0323]"
rastrigin,900,"[0.0025, 0.0201]",0.0811,0.0057,10,90,4.7,"[-2.5538, 6.2496]"
rastrigin,900,"[0.9928, 0.0024]",0.997,0.0243,50,90,0.3,"[-3.4675, 9.8957]"
rastrigin,300,"[1.0319, -0.0203]",1.3463,0.005,30,30,1.6,"[-8.2458, 8.0066]"
rastrigin,100,"[0.9653, 1.078]",3.5067,0.0017,20,10,2.5,"[-4.7565, 4.9726]"
rastrigin,700,"[0.0508, 0.0422]",0.8602,0.0121,30,70,5.4,"[-8.5427, 1.2892]"
rastrigin,50,"[1.0623, 0.1378]",5.4238,0.0006,30,5,5.8,"[-3.7494, 1.4288]"
rastrigin,200,"[1.8614, -0.0905]",8.6064,0.002,20,20,9.7,"[-3.4166, 8.6068]"
rastrigin,500,"[-1.0045, 0.0083]",1.0267,0.0137,50,50,2.0,"[-3.3706, 1.0171]"
rastrigin,600,"[0.0709, 1.0071]",2.0063,0.0156,50,60,6.3,"[-6.987, 2.7913]"
rastrigin,600,"[1.0747, -1.0131]",3.2972,0.0163,50,60,9.5,"[-9.2255, 2.6656]"
rastrigin,500,"[-0.0649, -0.0201]",0.904,0.0109,40,50,4.8,"[-4.5992, 9.5933]"
rastrigin,1000,"[-0.0072, 0.007]",0.0202,0.0219,40,100,2.8,"[-1.5172, 6.0947]"
rastrigin,200,"[1.0681, 1.1181]",5.9209,0.002,10,20,8.9,"[-1.7216, 2.1707]"
rastrigin,500,"[-0.1401, -0.0321]",3.8546,0.0076,30,50,7.0,"[-6.2362, 7.4283]"
rastrigin,1000,"[0.9251, 0.9967]",2.9378,0.007,10,100,5.4,"[-3.8872, 9.4251]"
rastrigin,800,"[-0.0266, -0.0718]",1.1448,0.0289,50,80,1.8,"[-6.9588, 8.4949]"
rastrigin,700,"[-1.1359, 2.0293]",9.0094,0.0039,10,70,8.5,"[-2.6982, 3.6608]"
rastrigin,100,"[-1.8882, -0.8706]",9.8164,0.002,40,10,8.9,"[-6.9923, 9.944]"
rastrigin,300,"[-2.0482, 1.0895]",7.3776,0.004,30,30,7.1,"[-2.9073, 5.9666]"
rastrigin,500,"[1.0224, -0.0034]",1.1467,0.014,50,50,3.4,"[-9.1027, 4.0792]"
rastrigin,200,"[0.0138, 0.0071]",0.048,0.005,40,20,1.2,"[-6.6072, 0.0404]"
rastrigin,500,"[0.0018, -0.0605]",0.718,0.0108,40,50,5.1,"[-5.8166, 1.3225]"
rastrigin,700,"[0.0288, 1.0292]",1.3912,0.0115,30,70,0.7,"[-7.7442, 3.1901]"
rastrigin,400,"[-0.0271, 0.04]",0.4612,0.0042,20,40,1.8,"[-9.7751, 6.2306]"
rastrigin,800,"[1.0468, 0.0985]",3.3886,0.01,20,80,10.0,"[-3.1934, 4.5666]"
rastrigin,500,"[-1.0747, -0.9841]",3.2541,0.0086,30,50,6.8,"[-1.104, 4.8354]"
rastrigin,10,"[4.2782, 2.7325]",48.6318,0.001,10,1,1.0,"[-1.1013, 9.9355]"
rastrigin,600,"[-0.0311, 0.9541]",1.5153,0.0135,40,60,9.9,"[-3.0673, 9.4986]"
rastrigin,900,"[-1.0251, -0.0039]",1.1777,0.0241,50,90,0.8,"[-2.0803, 1.9347]"
rastrigin,1000,"[-0.9979, 0.0201]",1.0769,0.0226,40,100,7.0,"[-5.6555, 6.8776]"
rastrigin,200,"[0.0116, 1.0755]",2.2891,0.004,30,20,3.1,"[-2.2954, 2.0053]"
rastrigin,100,"[0.0774, -0.0905]",2.7484,0.0026,40,10,8.0,"[-8.323, 3.6363]"
rastrigin,1000,"[-0.0327, 0.0217]",0.3052,0.0159,30,100,1.4,"[-2.5898, 8.6586]"
rastrigin,400,"[0.9854, -0.0324]",1.2208,0.0027,10,40,1.7,"[-6.2899, 8.8793]"
rastrigin,100,"[-2.0144, 0.0372]",4.3724,0.001,30,10,0.9,"[-3.4447, 4.8444]"
rastrigin,800,"[-0.0081, -1.9918]",3.9937,0.0106,20,80,0.2,"[-5.0803, 7.0489]"
rastrigin,300,"[1.0089, -0.1073]",3.2313,0.007,40,30,6.5,"[-7.4343, 7.8709]"
rastrigin,700,"[-0.0068, -0.9938]",1.0043,0.0158,40,70,2.9,"[-0.4231, 7.3408]"
rastrigin,400,"[1.0004, 0.9165]",3.1851,0.0089,40,40,9.7,"[-7.8675, 8.351]"
rastrigin,100,"[-0.8907, -1.0084]",4.0911,0.002,40,10,8.3,"[-8.6063, 1.2023]"
rastrigin,10,"[0.1013, -3.0474]",11.6943,0.0016,50,1,2.3,"[-6.0093, 6.455]"
rastrigin,1000,"[-1.0172, 0.0643]",1.9028,0.0118,20,100,5.2,"[-3.8977, 1.1697]"
rastrigin,50,"[0.0246, 0.1569]",4.6214,0.001,40,5,3.4,"[-7.1972, 1.7706]"
rastrigin,1000,"[0.9727, 0.0634]",1.8803,0.0165,30,100,7.6,"[-0.8882, 8.0351]"
rastrigin,700,"[-0.0117, 0.0962]",1.809,0.0117,30,70,4.6,"[-5.7461, 8.7468]"
rastrigin,100,"[-0.0401, -0.0723]",1.3384,0.0025,50,10,7.8,"[-0.8163, 0.478]"
rastrigin,700,"[-0.0252, -1.0693]",2.203,0.008,20,70,3.2,"[-6.2892, 4.8579]"
rastrigin,200,"[-0.0588, 0.8842]",3.9942,0.005,50,20,8.2,"[-2.0593, 3.1162]"
rastrigin,600,"[-0.0847, -1.053]",3.0486,0.0101,30,60,10.0,"[-7.5707, 4.5864]"
rastrigin,700,"[-0.963, 1.0375]",2.5497,0.008,20,70,3.6,"[-2.6518, 9.5998]"
rastrigin,700,"[0.0106, 0.9867]",1.0305,0.0148,40,70,7.9,"[-7.3472, 5.1567]"
rastrigin,50,"[0.8744, 0.0329]",3.9338,0.001,30,5,2.1,"[-2.7443, 5.4658]"
rastrigin,300,"[0.9832, 0.955]",2.3316,0.0025,10,30,9.3,"[-9.1957, 2.4664]"
rastrigin,700,"[-0.9353, -0.9773]",2.7457,0.0154,40,70,8.6,"[-3.7763, 5.52]"
rastrigin,1000,"[-0.0025, -0.9863]",1.0111,0.0171,30,100,1.9,"[-4.6677, 3.297]"
rastrigin,50,"[1.0574, 1.0034]",2.7692,0.0,10,5,1.0,"[-0.8958, 8.6367]"
rastrigin,10,"[-2.8325, -1.0097]",14.1065,0.0,50,1,1.6,"[-8.0616, 7.6685]"
rastrigin,700,"[-2.9953, -2.0127]",13.0589,0.0046,10,70,0.2,"[-5.0128, 3.2367]"
rastrigin,50,"[0.933, -0.9716]",2.8472,0.001,10,5,5.5,"[-2.1168, 4.3462]"
rastrigin,100,"[2.0198, -0.8844]",7.4642,0.003,50,10,6.1,"[-7.3268, 4.7258]"
rastrigin,200,"[0.001, -0.0453]",0.4044,0.0058,50,20,2.9,"[-8.9572, 1.6556]"
rastrigin,900,"[0.0166, -1.0564]",1.7926,0.0262,50,90,9.8,"[-6.9526, 3.9362]"
rastrigin,800,"[-0.0622, 1.0255]",1.9364,0.0176,40,80,6.6,"[-3.2625, 0.706]"
rastrigin,300,"[0.1206, 1.0163]",3.8364,0.003,20,30,3.8,"[-2.6521, 9.7971]"
rastrigin,400,"[-1.9934, 1.988]",7.9627,0.007,30,40,0.1,"[-6.5668, 8.9552]"
rastrigin,1000,"[0.0416, -0.9542]",1.6629,0.0223,40,100,7.2,"[-4.4449, 9.8199]"
rastrigin,200,"[-0.059, 0.1459]",4.6194,0.001,10,20,2.7,"[-3.0942, 0.3583]"
rastrigin,200,"[0.0331, 0.9881]",1.2211,0.0045,40,20,3.0,"[-9.4142, 1.4099]"
rastrigin,400,"[0.0211, -0.0516]",0.6126,0.0115,50,40,1.7,"[-4.1535, 3.7654]"
rastrigin,600,"[0.0598, -0.9801]",1.7405,0.004,10,60,5.0,"[-6.2641, 7.7254]"
rastrigin,1000,"[-0.0372, -0.0206]",0.3579,0.0214,40,100,6.0,"[-1.6133, 5.6058]"
rastrigin,400,"[0.0015, -0.072]",1.0126,0.0071,30,40,1.7,"[-6.7764, 8.7387]"
rastrigin,600,"[0.9901, 0.0019]",1.0005,0.0164,50,60,0.1,"[-3.2001, 6.5389]"
rastrigin,700,"[0.1069, 0.0034]",2.1842,0.0085,20,70,3.1,"[-2.2862, 4.768]"
rastrigin,1000,"[0.9419, 0.0165]",1.5992,0.0272,50,100,5.9,"[-6.5761, 8.0815]"
rastrigin,300,"[-0.104, -0.0164]",2.123,0.002,10,30,1.0,"[-0.4046, 2.2452]"
rastrigin,50,"[1.0832, 0.9399]",4.0954,0.0005,30,5,2.7,"[-4.5314, 6.7093]"
rastrigin,700,"[-0.0175, -0.0303]",0.2422,0.0188,50,70,2.1,"[-8.1698, 7.5096]"
rastrigin,600,"[-1.0303, 0.0787]",2.445,0.0069,20,60,9.8,"[-6.9932, 9.2519]"
rastrigin,200,"[-0.0333, -2.8726]",11.5084,0.0013,10,20,8.5,"[-4.7852, 2.7622]"
rastrigin,300,"[0.9218, 0.0026]",2.0353,0.0071,40,30,3.1,"[-1.2498, 6.4048]"
rastrigin,900,"[0.0487, 0.9785]",1.5166,0.0066,10,90,2.1,"[-1.5053, 8.5873]"
rastrigin,700,"[-0.0107, -0.0213]",0.1122,0.019,50,70,8.7,"[-9.3779, 6.1432]"
rastrigin,10,"[-0.0545, 0.8259]",6.6742,0.001,50,1,5.8,"[-3.5662, 3.1507]"
rastrigin,900,"[-0.9892, 0.0149]",1.0457,0.0058,10,90,1.2,"[-0.7676, 6.3864]"
rastrigin,50,"[-0.081, -0.9344]",2.9863,0.002,50,5,2.8,"[-2.86, 1.5573]"
rastrigin,700,"[0.0258, -1.0297]",1.3667,0.0162,40,70,4.1,"[-3.1967, 4.726]"
rastrigin,600,"[-1.0602, 0.0015]",1.8322,0.013,40,60,3.5,"[-1.9909, 2.5677]"
rastrigin,400,"[0.0147, -2.054]",4.8327,0.003,10,40,3.5,"[-0.7839, 4.8339]"
rastrigin,900,"[-0.0689, 0.9286]",2.7772,0.0096,20,90,4.3,"[-2.722, 7.8005]"
rastrigin,500,"[-0.9919, 0.0137]",1.0342,0.006,20,50,0.2,"[-2.8787, 4.2681]"
rastrigin,10,"[-2.0437, -5.1487]",35.1159,0.001,10,1,7.5,"[-9.9932, 0.4036]"
rastrigin,10,"[-1.9599, -1.0452]",5.6505,0.0,30,1,8.7,"[-2.1107, 0.7664]"
rastrigin,600,"[0.0365, -1.0136]",1.327,0.0133,40,60,3.9,"[-1.5718, 0.5493]"
rastrigin,100,"[-0.1607, 1.0011]",5.7045,0.003,40,10,9.0,"[-9.3723, 1.7382]"
rastrigin,800,"[-1.0218, -0.9708]",2.2479,0.0101,20,80,0.9,"[-4.7528, 6.0521]"
rastrigin,600,"[0.0513, -1.0796]",2.9081,0.0155,50,60,6.1,"[-1.4364, 3.0084]"
rastrigin,500,"[0.9581, 0.0112]",1.2874,0.0133,50,50,2.6,"[-5.8164, 7.6208]"
rastrigin,200,"[0.0227, 0.1609]",4.8162,0.0036,30,20,5.0,"[-7.0533, 3.898]"
rastrigin,10,"[-0.0716, -1.0291]",2.2258,0.0,20,1,4.6,"[-1.4129, 3.6155]"
rastrigin,200,"[2.0347, -0.0666]",5.2447,0.002,20,20,4.0,"[-2.4159, 5.635]"
rastrigin,300,"[-2.0143, -0.0285]",4.2586,0.0038,20,30,0.6,"[-9.1781, 2.6332]"
rastrigin,10,"[-2.8636, 0.8695]",15.5861,0.0,10,1,9.8,"[-8.4923, 9.588]"
rastrigin,900,"[0.0019, 0.0721]",1.0142,0.0071,10,90,5.4,"[-1.8447, 4.9543]"
rastrigin,900,"[0.0182, 0.0516]",0.5895,0.0146,30,90,4.2,"[-4.5594, 7.7125]"
rastrigin,600,"[0.9928, 0.0025]",0.9971,0.0214,40,60,6.9,"[-7.4652, 4.569]"
rastrigin,800,"[-0.0602, 0.0421]",1.0611,0.0141,30,80,5.7,"[-3.0064, 1.3059]"
rastrigin,700,"[0.9267, -0.0037]",1.9034,0.0121,30,70,5.0,"[-2.4324, 5.8049]"
rastrigin,10,"[1.0904, 0.9839]",3.7783,0.001,30,1,4.8,"[-3.4672, 2.4782]"
rastrigin,100,"[-1.1576, -0.0918]",7.4826,0.001,10,10,5.0,"[-0.698, 6.5421]"
rastrigin,300,"[0.0068, 0.0195]",0.0847,0.0086,50,30,0.7,"[-7.8786, 2.6057]"
rastrigin,700,"[1.0129, -0.0337]",1.2836,0.0111,30,70,4.1,"[-1.8032, 7.5184]"
rastrigin,1000,"[-0.0486, 0.9753]",1.5367,0.0171,30,100,4.0,"[-7.0848, 4.7601]"
rastrigin,200,"[-1.9304, 0.0588]",5.3455,0.0054,50,20,8.4,"[-6.9658, 6.2913]"
rastrigin,10,"[0.9778, 1.0088]",2.0866,0.0,40,1,9.3,"[-0.0118, 3.662]"
rastrigin,900,"[0.0726, 1.0005]",2.0276,0.0097,20,90,4.9,"[-3.7849, 9.3456]"
rastrigin,100,"[-0.9762, 0.9893]",2.0661,0.0,10,10,4.8,"[-7.2368, 8.0251]"
rastrigin,10,"[1.2373, -0.7951]",18.5705,0.0,30,1,9.2,"[-7.7462, 1.4096]"
rastrigin,200,"[0.9158, -1.0298]",3.4411,0.001,10,20,10.0,"[-5.7552, 5.2279]"
rastrigin,300,"[0.0557, 0.2537]",10.905,0.0022,10,30,7.0,"[-7.5278, 1.4494]"
rastrigin,1000,"[-0.9696, 0.0501]",1.6163,0.0163,30,100,3.6,"[-8.3224, 7.3766]"
rastrigin,100,"[0.9303, -0.0028]",1.8117,0.002,30,10,9.6,"[-2.3514, 0.9727]"
rastrigin,700,"[1.0171, 0.0196]",1.1683,0.0165,40,70,6.0,"[-9.0032, 5.7075]"
rastrigin,50,"[0.0013, -1.9525]",4.2552,0.001,30,5,9.7,"[-5.3452, 0.6907]"
rastrigin,50,"[-0.7339, 0.0569]",12.187,0.001,50,5,7.6,"[-7.1778, 7.5115]"
rastrigin,800,"[0.0292, 0.0546]",0.7549,0.0172,40,80,5.9,"[-0.7068, 0.9766]"
rastrigin,800,"[-0.01, 0.0177]",0.0819,0.0216,50,80,0.5,"[-8.8131, 6.8109]"
rastrigin,1000,"[1.002, -0.015]",1.0491,0.0166,30,100,3.7,"[-6.6578, 6.2033]"
rastrigin,900,"[-0.99, -0.0239]",1.1131,0.0154,30,90,1.4,"[-4.373, 8.2972]"
rastrigin,50,"[2.0277, 0.0785]",5.462,0.0,10,5,8.0,"[-8.6385, 0.0545]"
rastrigin,100,"[-0.9941, 1.0959]",3.9565,0.002,40,10,5.6,"[-5.1246, 1.6397]"
rastrigin,100,"[-1.0686, -0.0264]",2.1946,0.001,10,10,2.6,"[-3.4743, 1.108]"
rastrigin,300,"[0.0175, -1.0818]",2.5242,0.003,20,30,8.5,"[-1.751, 5.5083]"
rastrigin,800,"[1.0176, -0.0499]",1.5862,0.0097,20,80,3.3,"[-4.8586, 5.9861]"
rastrigin,10,"[-1.0732, -2.8906]",12.8162,0.001,20,1,1.8,"[-8.4054, 0.6391]"
rastrigin,300,"[-0.1215, -0.0957]",4.5534,0.002,10,30,2.1,"[-5.3074, 3.3526]"
rastrigin,800,"[-0.0019, -0.0361]",0.2579,0.0132,30,80,9.0,"[-9.1797, 7.6402]"
rastrigin,50,"[0.0164, 0.8285]",6.0022,0.001,20,5,7.7,"[-3.0551, 2.9865]"
rastrigin,50,"[0.9983, 1.0189]",2.1058,0.002,40,5,0.7,"[-2.3531, 6.348]"
rastrigin,10,"[-2.0738, 2.167]",15.069,0.0,20,1,5.5,"[-5.9508, 9.0241]"
rastrigin,10,"[-0.0799, -1.1933]",9.1775,0.0015,30,1,6.5,"[-1.3564, 6.8192]"
rastrigin,100,"[-0.0461, -0.9576]",1.6896,0.003,50,10,2.3,"[-9.3434, 0.6659]"
rastrigin,400,"[-0.0412, 0.0697]",1.2819,0.0086,40,40,3.4,"[-8.532, 3.7586]"
rastrigin,400,"[-0.0224, -0.049]",0.5722,0.0105,50,40,2.6,"[-4.8761, 9.0006]"
rastrigin,500,"[0.0226, -0.0253]",0.2274,0.003,10,50,2.1,"[-9.1283, 4.9815]"
rastrigin,600,"[-0.936, 1.0109]",2.7198,0.0065,20,60,4.9,"[-5.8742, 5.8788]"
himmelblau_function,1000,"[3.6227, -1.8389]",0.0811,0.0165,50,100,4.7,"[-3.8595, 4.6068]"
himmelblau_function,900,"[3.0724, 1.8266]",0.4202,0.0141,50,90,8.5,"[-2.3856, 7.5347]"
himmelblau_function,600,"[2.8279, 1.9117]",1.4585,0.0086,40,60,9.0,"[-8.1819, 1.3037]"
himmelblau_function,600,"[-3.8912, -3.4299]",1.2678,0.0045,20,60,10.0,"[-6.2899, 7.6693]"
himmelblau_function,300,"[3.587, -1.9126]",0.0622,0.0045,40,30,1.0,"[-4.2019, 5.4959]"
himmelblau_function,200,"[2.9668, 1.9472]",0.1214,0.001,10,20,0.4,"[-2.3364, 5.5497]"
himmelblau_function,800,"[2.9561, 1.8394]",0.6143,0.0113,50,80,3.2,"[-9.3442, 0.1647]"
himmelblau_function,500,"[3.0134, 2.0083]",0.0101,0.0078,50,50,2.0,"[-9.988, 1.4482]"
himmelblau_function,200,"[-3.7538, -3.2588]",0.0461,0.003,30,20,0.4,"[-4.1238, 0.7325]"
himmelblau_function,400,"[-2.7116, 3.1576]",0.3067,0.004,30,40,6.8,"[-9.1958, 9.0515]"
himmelblau_function,100,"[2.9858, 2.0714]",0.0766,0.0021,50,10,0.6,"[-9.0136, 5.4827]"
himmelblau_function,500,"[-2.5747, 3.2153]",1.9181,0.0044,20,50,4.8,"[-9.3994, 2.2869]"
himmelblau_function,900,"[2.9695, 2.018]",0.0286,0.0137,50,90,7.4,"[-2.9055, 7.3131]"
himmelblau_function,100,"[-2.8757, 2.9361]",1.6173,0.0013,50,10,3.8,"[-5.7399, 4.6724]"
himmelblau_function,900,"[-2.8677, 3.2017]",0.3278,0.0095,30,90,5.9,"[-7.5276, 7.727]"
himmelblau_function,800,"[2.8929, 2.3975]",2.7467,0.0055,20,80,5.6,"[-4.1677, 7.5857]"
himmelblau_function,200,"[3.7805, -1.6079]",3.2397,0.0011,20,20,4.8,"[-6.4313, 8.9176]"
himmelblau_function,100,"[4.2376, -2.1684]",26.6946,0.0,10,10,7.0,"[-8.5997, 2.5552]"
himmelblau_function,200,"[-2.6854, 2.893]",2.5341,0.0016,20,20,8.1,"[-3.6348, 4.4398]"
himmelblau_function,200,"[2.6279, 2.4378]",5.2114,0.001,20,20,10.0,"[-9.984, 1.6096]"
himmelblau_function,400,"[3.0003, 1.9742]",0.011,0.0072,50,40,0.6,"[-1.1815, 8.9811]"
himmelblau_function,900,"[3.6332, -1.699]",0.482,0.0059,20,90,8.5,"[-0.9348, 2.368]"
himmelblau_function,50,"[-3.4297, -2.6966]",13.7129,0.001,30,5,7.8,"[-3.2217, 1.5905]"
himmelblau_function,100,"[-3.6028, -3.2819]",1.723,0.002,50,10,6.3,"[-8.6226, 2.7579]"
himmelblau_function,500,"[-2.8261, 3.1712]",0.0779,0.0051,30,50,1.0,"[-9.858, 7.5411]"
himmelblau_function,200,"[3.0067, 1.9897]",0.0021,0.001,20,20,0.2,"[-2.2627, 6.2099]"
himmelblau_function,500,"[-3.591, -3.3882]",3.0185,0.002,10,50,10.0,"[-7.0326, 5.5416]"
himmelblau_function,50,"[2.7276, 1.8773]",3.3915,0.001,30,5,9.3,"[-7.5992, 1.6877]"
himmelblau_function,600,"[-2.8665, 3.0737]",0.2599,0.0077,40,60,5.6,"[-1.1635, 1.8609]"
himmelblau_function,500,"[2.8153, 2.1951]",1.1744,0.0066,40,50,9.2,"[-4.8317, 5.8237]"
himmelblau_function,10,"[2.9454, 2.9124]",19.9502,0.0,40,1,1.7,"[-0.0643, 8.3506]"
himmelblau_function,1000,"[-3.7434, -3.2935]",0.0895,0.0066,20,100,9.3,"[-2.6538, 1.2914]"
himmelblau_function,1000,"[-2.8164, 3.1271]",0.0049,0.0071,20,100,1.4,"[-5.0242, 5.7344]"
himmelblau_function,50,"[-3.5804, -2.9658]",4.4988,0.0,50,5,4.2,"[-7.9856, 7.332]"
himmelblau_function,500,"[3.4347, -1.7154]",1.2306,0.002,10,50,3.1,"[-5.2838, 7.5866]"
himmelblau_function,900,"[2.921, 2.1827]",0.5507,0.0136,50,90,8.2,"[-3.4015, 5.2705]"
himmelblau_function,500,"[3.617, -1.8996]",0.0844,0.0077,40,50,7.6,"[-0.3176, 6.9516]"
himmelblau_function,1000,"[3.0265, 1.985]",0.0221,0.004,10,100,2.4,"[-4.6762, 4.5691]"
himmelblau_function,900,"[-3.8507, -3.3174]",0.2847,0.0149,50,90,9.9,"[-1.86, 8.2627]"
himmelblau_function,900,"[2.9427, 1.9624]",0.1854,0.0066,20,90,3.1,"[-9.4431, 4.2393]"
himmelblau_function,1000,"[-3.0072, 3.2189]",1.7182,0.0075,20,100,6.3,"[-9.3779, 9.4676]"
himmelblau_function,300,"[2.9833, 2.1233]",0.2423,0.0046,50,30,1.5,"[-8.2256, 9.9717]"
himmelblau_function,500,"[3.0187, 1.9593]",0.0255,0.0077,50,50,2.6,"[-2.8237, 2.999]"
himmelblau_function,200,"[-2.7431, 3.227]",0.5108,0.003,50,20,7.8,"[-5.9765, 5.5526]"
himmelblau_function,10,"[-3.877, -3.2716]",0.6071,0.0,20,1,6.6,"[-0.7327, 1.8849]"
himmelblau_function,600,"[-3.7671, -3.2715]",0.0106,0.0062,30,60,0.8,"[-6.7049, 0.4827]"
himmelblau_function,1000,"[3.6687, -1.8323]",0.3942,0.0135,40,100,3.1,"[-3.8852, 3.4362]"
himmelblau_function,300,"[3.0386, 1.6205]",1.8044,0.001,10,30,5.1,"[-4.4538, 7.2244]"
himmelblau_function,600,"[-3.7684, -3.293]",0.0142,0.003,10,60,0.2,"[-8.563, 0.6953]"
himmelblau_function,900,"[3.4992, -1.8505]",0.3733,0.0085,30,90,5.9,"[-1.8897, 3.0208]"
himmelblau_function,800,"[3.594, -1.9253]",0.0906,0.0052,20,80,8.3,"[-4.4122, 7.3407]"
himmelblau_function,400,"[3.6516, -1.6812]",0.6985,0.002,10,40,3.9,"[-6.4782, 6.5272]"
himmelblau_function,600,"[3.0808, 1.8608]",0.3325,0.0048,20,60,4.8,"[-9.5673, 6.5113]"
himmelblau_function,10,"[2.5988, 2.212]",4.38,0.0,30,1,9.1,"[-5.419, 3.5328]"
himmelblau_function,600,"[3.6869, -1.9628]",0.6889,0.0049,20,60,7.5,"[-0.7639, 4.7043]"
himmelblau_function,800,"[3.028, 1.9641]",0.0308,0.0134,50,80,1.3,"[-1.1579, 2.0622]"
himmelblau_function,10,"[2.8245, 2.2097]",1.1602,0.0,30,1,1.8,"[-6.4033, 2.8357]"
himmelblau_function,200,"[3.6057, -1.9101]",0.0727,0.002,30,20,4.2,"[-5.8169, 3.1025]"
himmelblau_function,800,"[3.1623, 1.8414]",0.9082,0.003,10,80,9.8,"[-6.0859, 5.5888]"
himmelblau_function,600,"[-2.9251, 3.2856]",1.4648,0.002,10,60,7.7,"[-1.9494, 7.4333]"
himmelblau_function,500,"[3.0042, 2.1875]",0.6679,0.0065,40,50,6.8,"[-6.4054, 8.7014]"
himmelblau_function,1000,"[3.0457, 2.0032]",0.0816,0.007,20,100,1.2,"[-4.4101, 5.8055]"
himmelblau_function,200,"[-3.6204, -3.174]",1.4362,0.002,40,20,6.6,"[-5.5099, 1.4033]"
himmelblau_function,700,"[3.2523, 1.8785]",2.1686,0.003,10,70,5.0,"[-4.595, 1.5713]"
himmelblau_function,1000,"[2.8843, 2.0906]",0.4134,0.0045,10,100,6.4,"[-7.1053, 8.5585]"
himmelblau_function,800,"[3.0004, 1.9687]",0.0161,0.0087,30,80,1.5,"[-6.3338, 5.7379]"
himmelblau_function,600,"[3.5185, -1.8088]",0.2278,0.0033,10,60,7.0,"[-1.5602, 2.9286]"
himmelblau_function,600,"[3.6586, -1.8851]",0.2949,0.0077,40,60,9.6,"[-6.5356, 6.8885]"
himmelblau_function,200,"[3.6109, -1.7279]",0.2592,0.001,10,20,1.7,"[-5.0053, 5.7159]"
himmelblau_function,700,"[2.7406, 2.1334]",1.9235,0.003,10,70,5.3,"[-3.9821, 8.1503]"
himmelblau_function,500,"[3.1918, 2.0098]",1.487,0.0038,20,50,3.9,"[-6.9833, 9.4518]"
himmelblau_function,700,"[-2.7684, 3.1478]",0.0551,0.0086,40,70,1.3,"[-4.5049, 5.252]"
himmelblau_function,700,"[-3.0041, 3.1905]",1.5071,0.008,20,70,6.2,"[-1.1782, 6.1139]"
himmelblau_function,400,"[2.9979, 2.0545]",0.0496,0.0057,40,40,1.3,"[-1.1808, 3.4509]"
himmelblau_function,1000,"[-2.7633, 3.1318]",0.056,0.0105,30,100,4.4,"[-7.7887, 1.7335]"
himmelblau_function,50,"[3.4059, -1.9327]",1.7965,0.0,20,5,3.0,"[-4.7366, 2.3901]"
himmelblau_function,100,"[-3.7958, -3.3398]",0.1329,0.001,30,10,7.7,"[-5.4155, 1.636]"
himmelblau_function,300,"[-2.8892, 3.0635]",0.423,0.001,10,30,1.1,"[-0.9475, 1.1355]"
himmelblau_function,700,"[2.8394, 1.9939]",0.9251,0.0046,10,70,2.1,"[-3.6626, 6.1182]"
himmelblau_function,600,"[3.0413, 1.9811]",0.0543,0.0086,50,60,1.7,"[-9.3423, 8.8543]"
himmelblau_function,700,"[2.9371, 1.8314]",0.796,0.0057,20,70,7.8,"[-3.6581, 5.6878]"
himmelblau_function,900,"[3.5744, -1.779]",0.0681,0.0089,30,90,2.3,"[-9.5967, 4.1401]"
himmelblau_function,700,"[2.8144, 1.9786]",1.2848,0.0069,30,70,10.0,"[-3.6657, 3.3409]"
himmelblau_function,300,"[-2.8597, 2.964]",1.1744,0.0044,40,30,9.5,"[-2.7423, 3.5346]"
himmelblau_function,400,"[2.9935, 1.7562]",0.9309,0.003,20,40,5.6,"[-5.2685, 9.8507]"
himmelblau_function,200,"[-3.8539, -3.0845]",2.3858,0.0013,20,20,9.6,"[-4.1163, 0.2857]"
himmelblau_function,50,"[3.6977, -1.8244]",0.7213,0.001,10,5,2.8,"[-7.7501, 8.0579]"
himmelblau_function,600,"[2.992, 1.9921]",0.0047,0.008,40,60,6.1,"[-4.0059, 6.6553]"
himmelblau_function,50,"[3.0293, 2.0146]",0.0442,0.001,50,5,6.5,"[-8.891, 4.4017]"
himmelblau_function,300,"[3.0687, 1.9369]",0.1577,0.004,50,30,3.3,"[-8.3675, 1.29]"
himmelblau_function,50,"[-2.5373, 2.7926]",6.1538,0.0,10,5,3.8,"[-2.6115, 4.2968]"
himmelblau_function,300,"[2.9741, 2.048]",0.0398,0.002,20,30,0.2,"[-9.5192, 8.5459]"
himmelblau_function,1000,"[-2.8368, 3.0958]",0.0846,0.0164,50,100,6.3,"[-4.3981, 4.8879]"
himmelblau_function,500,"[-2.862, 3.2752]",0.9656,0.0069,40,50,9.9,"[-3.2979, 7.6595]"
himmelblau_function,700,"[3.0271, 1.9497]",0.0422,0.0047,20,70,2.3,"[-0.7844, 7.8049]"
himmelblau_function,900,"[-2.7711, 3.0036]",0.6621,0.0137,50,90,9.0,"[-9.1677, 7.1323]"
himmelblau_function,800,"[3.1207, 2.1375]",1.2428,0.003,10,80,4.6,"[-7.425, 8.1985]"
himmelblau_function,300,"[-2.8815, 3.133]",0.1944,0.004,40,30,7.8,"[-4.0594, 7.7655]"
himmelblau_function,10,"[2.7767, 2.0008]",1.7106,0.001,30,1,3.3,"[-6.4723, 9.0568]"
himmelblau_function,200,"[3.0053, 2.2569]",1.2906,0.002,40,20,7.9,"[-5.9058, 1.9269]"
himmelblau_function,1000,"[-2.8369, 3.097]",0.0813,0.0066,20,100,9.8,"[-6.6763, 2.1424]"
himmelblau_function,300,"[3.6583, -2.1185]",1.3843,0.0025,20,30,6.1,"[-3.2556, 0.0469]"
himmelblau_function,100,"[-3.0504, 2.9797]",3.0238,0.002,40,10,5.3,"[-2.361, 5.7163]"
himmelblau_function,50,"[1.8036, 2.2161]",30.6735,0.0,20,5,9.5,"[-0.6742, 9.1918]"
himmelblau_function,800,"[2.8392, 2.187]",0.9527,0.0055,20,80,4.9,"[-1.7375, 6.8067]"
himmelblau_function,200,"[-3.9481, -3.5685]",4.2281,0.003,40,20,8.4,"[-5.528, 7.3646]"
himmelblau_function,1000,"[3.6175, -1.8921]",0.0768,0.0053,10,100,1.4,"[-7.8505, 4.0795]"
himmelblau_function,500,"[-2.7612, 3.1423]",0.0672,0.005,30,50,2.1,"[-4.3659, 5.9768]"
himmelblau_function,50,"[3.228, 1.6735]",2.1392,0.0,30,5,5.5,"[-3.4474, 7.9094]"
himmelblau_function,10,"[-3.6564, -3.6017]",6.8812,0.0,10,1,1.3,"[-3.8887, 0.8459]"
himmelblau_function,900,"[3.5561, -1.7317]",0.2054,0.0141,50,90,3.7,"[-0.6288, 1.9992]"
himmelblau_function,100,"[-2.7083, 3.2111]",0.5697,0.001,40,10,5.6,"[-6.7727, 3.5582]"
himmelblau_function,400,"[3.3374, -0.9814]",7.9979,0.002,10,40,7.4,"[-6.7759, 9.6779]"
himmelblau_function,900,"[3.077, 1.8522]",0.3449,0.0136,50,90,7.2,"[-4.2699, 4.4857]"
himmelblau_function,50,"[3.082, 2.4175]",4.551,0.001,20,5,6.0,"[-2.748, 2.3761]"
himmelblau_function,800,"[-2.8739, 3.0577]",0.3753,0.0032,10,80,5.9,"[-0.2116, 9.0107]"
himmelblau_function,10,"[2.6853, 1.9044]",4.0249,0.0,20,1,9.9,"[-5.2468, 0.4594]"
himmelblau_function,300,"[3.0199, 1.9694]",0.0183,0.0033,40,30,2.6,"[-2.3405, 9.1345]"
himmelblau_function,400,"[2.8761, 2.0876]",0.4654,0.005,40,40,2.8,"[-2.2138, 8.894]"
himmelblau_function,900,"[3.0106, 2.0393]",0.0393,0.0121,40,90,9.8,"[-9.9902, 1.6918]"
himmelblau_function,800,"[-2.6661, 3.1488]",0.6144,0.0077,30,80,9.0,"[-3.5969, 6.4602]"
himmelblau_function,800,"[3.5881, -1.8149]",0.0175,0.0125,50,80,1.1,"[-4.1428, 6.9196]"
himmelblau_function,10,"[2.2128, 2.9611]",25.7218,0.0,40,1,7.1,"[-4.6769, 7.2741]"
himmelblau_function,800,"[3.1505, 1.887]",0.7437,0.0097,40,80,6.2,"[-8.1527, 8.0057]"
himmelblau_function,1000,"[-3.7814, -3.277]",0.0023,0.0129,40,100,0.4,"[-6.8679, 1.0201]"
himmelblau_function,1000,"[3.6055, -1.8488]",0.0233,0.0135,40,100,6.1,"[-3.444, 6.5501]"
himmelblau_function,800,"[3.6276, -1.7303]",0.3275,0.0089,30,80,4.0,"[-0.5805, 0.6591]"
himmelblau_function,900,"[3.0412, 1.9364]",0.078,0.0085,30,90,1.3,"[-4.3944, 5.5618]"
himmelblau_function,800,"[3.5205, -1.7666]",0.2679,0.01,40,80,3.7,"[-0.3911, 9.6195]"
himmelblau_function,1000,"[3.0584, 1.8299]",0.3853,0.005,10,100,5.4,"[-7.2749, 9.5807]"
himmelblau_function,400,"[-2.8362, 3.2042]",0.2474,0.003,20,40,8.0,"[-0.4264, 4.4962]"
himmelblau_function,700,"[3.6116, -1.866]",0.0402,0.0107,50,70,4.1,"[-4.6486, 7.9067]"
himmelblau_function,700,"[3.6337, -1.8989]",0.1505,0.005,20,70,9.4,"[-6.1277, 1.3848]"
himmelblau_function,200,"[3.1623, 1.9315]",0.8795,0.002,20,20,5.0,"[-7.3712, 7.586]"
himmelblau_function,50,"[2.9493, 2.5067]",5.0266,0.001,50,5,9.2,"[-1.3618, 9.4801]"
himmelblau_function,500,"[3.6678, -1.8528]",0.3705,0.002,10,50,5.6,"[-2.0389, 4.748]"
himmelblau_function,400,"[-3.1455, 3.0296]",4.6364,0.001,10,40,5.1,"[-6.8856, 8.5467]"
himmelblau_function,300,"[3.0082, 2.1832]",0.6536,0.002,20,30,8.8,"[-4.9262, 3.4127]"
himmelblau_function,10,"[2.4519, 0.9516]",29.5606,0.0,10,1,2.8,"[-2.6879, 8.6218]"
himmelblau_function,10,"[3.5161, -2.2979]",4.1023,0.0,50,1,7.9,"[-7.5756, 8.8374]"
himmelblau_function,400,"[3.5856, -2.3491]",4.669,0.002,10,40,7.5,"[-9.0086, 7.7216]"
himmelblau_function,1000,"[2.8671, 2.0306]",0.5617,0.0071,20,100,9.3,"[-3.1803, 7.798]"
himmelblau_function,500,"[-2.7656, 3.1259]",0.0508,0.0056,30,50,5.5,"[-9.6206, 3.4637]"
himmelblau_function,600,"[-3.7166, -3.2364]",0.2377,0.0042,20,60,2.6,"[-8.2922, 1.6375]"
himmelblau_function,50,"[-3.1546, 2.6851]",11.3513,0.001,40,5,8.8,"[-9.6211, 6.1655]"
himmelblau_function,50,"[3.7321, -1.3234]",4.8761,0.001,40,5,8.8,"[-4.134, 9.1939]"
himmelblau_function,600,"[-3.8662, -3.3569]",0.5108,0.0025,10,60,3.0,"[-8.3299, 0.9866]"
himmelblau_function,10,"[-2.9638, 3.5625]",9.2524,0.001,20,1,6.6,"[-9.1609, 0.9428]"
himmelblau_function,10,"[2.0059, 2.9006]",28.3051,0.0,20,1,9.1,"[-6.7123, 0.5753]"
himmelblau_function,100,"[2.9028, 2.0296]",0.2969,0.002,50,10,3.5,"[-8.0492, 4.3526]"
himmelblau_function,800,"[3.558, -1.7912]",0.0718,0.01,40,80,9.6,"[-1.4788, 7.0363]"
himmelblau_function,50,"[2.9248, 1.691]",2.0474,0.001,40,5,9.3,"[-0.3544, 3.2819]"
himmelblau_function,600,"[-2.767, 3.1072]",0.0685,0.0027,10,60,0.4,"[-3.6667, 4.1837]"
himmelblau_function,100,"[-3.4283, -3.0802]",6.2996,0.001,50,10,8.9,"[-4.3665, 1.2328]"
himmelblau_function,50,"[2.7431, 1.9217]",2.7326,0.0,40,5,6.8,"[-2.8459, 5.7832]"
himmelblau_function,400,"[3.0079, 1.9709]",0.0119,0.0065,50,40,9.6,"[-5.2341, 3.6047]"
himmelblau_function,500,"[3.5302, -1.817]",0.1543,0.007,50,50,9.4,"[-8.7756, 8.9897]"
himmelblau_function,500,"[2.7393, 2.115]",1.9535,0.005,30,50,9.8,"[-0.9975, 8.4164]"
himmelblau_function,700,"[3.6118, -1.8385]",0.0428,0.0101,50,70,1.1,"[-4.7652, 9.3443]"
himmelblau_function,100,"[2.8451, 2.5206]",4.9825,0.002,50,10,9.1,"[-6.0846, 9.7508]"
himmelblau_function,600,"[3.5792, -1.7604]",0.1062,0.007,40,60,9.5,"[-2.8679, 8.5465]"
himmelblau_function,200,"[3.0348, 1.6359]",1.6852,0.001,10,20,6.1,"[-0.5775, 9.5888]"
himmelblau_function,50,"[3.453, -0.8637]",7.8493,0.0,10,5,8.9,"[-9.846, 6.2153]"
himmelblau_function,1000,"[2.9873, 1.9496]",0.0609,0.0098,30,100,2.0,"[-1.611, 8.422]"
himmelblau_function,400,"[3.495, -1.7407]",0.5021,0.003,20,40,4.7,"[-5.1435, 2.8409]"
himmelblau_function,800,"[-2.9701, 3.2001]",1.1167,0.0104,40,80,9.3,"[-0.5108, 0.6487]"
himmelblau_function,100,"[2.9887, 2.0593]",0.0528,0.001,10,10,2.8,"[-0.4145, 8.1777]"
himmelblau_function,600,"[3.6183, -1.8057]",0.0966,0.0074,40,60,3.3,"[-0.4837, 6.9039]"
himmelblau_function,800,"[3.0089, 1.9124]",0.1125,0.0055,20,80,3.6,"[-6.8602, 5.1052]"
himmelblau_function,900,"[2.9968, 1.8909]",0.1994,0.0095,30,90,7.1,"[-7.0842, 8.6519]"
himmelblau_function,700,"[-2.8767, 3.1412]",0.1735,0.0086,40,70,3.8,"[-7.6629, 6.2646]"
himmelblau_function,300,"[2.8367, 1.8154]",2.0466,0.0013,10,30,9.2,"[-3.1513, 3.1428]"
himmelblau_function,200,"[-3.7849, -3.221]",0.1794,0.002,30,20,2.6,"[-5.0023, 2.5515]"
himmelblau_function,50,"[2.6768, 2.3271]",3.4657,0.001,40,5,6.3,"[-1.4845, 0.5734]"
himmelblau_function,300,"[2.9951, 2.3117]",1.8726,0.002,20,30,3.4,"[-5.6687, 2.6056]"
himmelblau_function,50,"[-3.0747, 3.0852]",2.6769,0.0007,30,5,3.2,"[-4.5777, 6.2056]"
himmelblau_function,50,"[3.1939, -2.3504]",12.8708,0.0011,30,5,8.3,"[-3.7548, 9.2863]"
himmelblau_function,500,"[3.5039, -1.8557]",0.3374,0.005,30,50,3.3,"[-4.0145, 8.8757]"
himmelblau_function,200,"[3.0645, 1.814]",0.458,0.003,40,20,1.9,"[-8.2786, 7.905]"
himmelblau_function,900,"[-2.7766, 3.0711]",0.167,0.0056,20,90,7.4,"[-6.3646, 8.8619]"
himmelblau_function,200,"[3.6341, -1.8101]",0.1655,0.003,50,20,1.7,"[-8.0688, 3.4377]"
himmelblau_function,700,"[3.1292, 2.017]",0.6937,0.002,10,70,5.1,"[-9.1083, 6.5898]"
himmelblau_function,400,"[3.7719, -1.6736]",2.5966,0.002,10,40,9.9,"[-4.6857, 9.4891]"
himmelblau_function,800,"[2.898, 1.9841]",0.4086,0.0081,30,80,7.6,"[-0.5205, 1.4782]"
himmelblau_function,500,"[3.0585, 1.9451]",0.1147,0.003,20,50,7.7,"[-9.7006, 9.7941]"
himmelblau_function,10,"[3.4757, -1.35]",2.9686,0.0,50,1,8.7,"[-1.9446, 5.0067]"
himmelblau_function,300,"[3.7185, -1.8597]",0.9674,0.004,40,30,10.0,"[-0.4553, 2.4145]"
himmelblau_function,600,"[3.8289, -1.5286]",5.2426,0.0024,10,60,9.7,"[-7.127, 3.0793]"
himmelblau_function,50,"[3.4627, -2.1252]",2.2466,0.001,40,5,2.1,"[-3.2445, 9.0166]"
himmelblau_function,50,"[-4.33, -3.7826]",24.6006,0.0,10,5,9.8,"[-6.5689, 8.8931]"
himmelblau_function,1000,"[3.5915, -1.9979]",0.3498,0.0077,20,100,6.5,"[-7.5094, 4.6314]"
himmelblau_function,900,"[-3.7824, -3.2833]",0.0005,0.0098,30,90,0.1,"[-3.8171, 0.5622]"
himmelblau_function,600,"[3.0205, 2.0242]",0.0356,0.008,40,60,2.0,"[-9.9774, 5.4528]"
himmelblau_function,700,"[3.5071, -1.9234]",0.4317,0.0065,30,70,4.5,"[-9.835, 8.4388]"
himmelblau_function,800,"[2.9552, 2.0767]",0.108,0.0098,40,80,8.4,"[-3.4395, 3.9873]"
himmelblau_function,600,"[3.664, -1.8664]",0.3332,0.0042,20,60,7.6,"[-8.8885, 6.7021]"
himmelblau_function,800,"[3.5347, -1.902]",0.1896,0.0127,50,80,2.6,"[-0.1207, 3.7858]"
himmelblau_function,600,"[3.5569, -1.6344]",0.5962,0.0065,30,60,2.9,"[-2.2217, 1.2123]"
himmelblau_function,300,"[2.8625, 2.0402]",0.5875,0.0035,30,30,8.2,"[-6.39, 1.6494]"
himmelblau_function,700,"[-3.5565, -3.2]",2.5064,0.002,10,70,5.5,"[-1.5508, 1.8887]"
three_hump_camel_function,800,"[0.1116, -0.0501]",0.0217,0.003,10,80,2.6,"[-5.8333, 8.99]"
three_hump_camel_function,500,"[0.2621, -0.0377]",0.124,0.002,10,50,6.3,"[-7.5552, 4.6342]"
three_hump_camel_function,10,"[0.5926, -0.0577]",0.5493,0.0,20,1,9.4,"[-5.7521, 4.5495]"
three_hump_camel_function,900,"[0.1963, -0.149]",0.0684,0.004,10,90,5.8,"[-8.8813, 0.5069]"
three_hump_camel_function,100,"[-0.0197, 0.4397]",0.1854,0.001,30,10,5.0,"[-4.0865, 8.8621]"
three_hump_camel_function,100,"[-0.0494, 0.1456]",0.0189,0.002,30,10,1.1,"[-5.6958, 6.7651]"
three_hump_camel_function,400,"[-0.0692, 0.2719]",0.0647,0.004,30,40,5.5,"[-7.6769, 9.3486]"
three_hump_camel_function,100,"[0.1746, 0.1758]",0.1216,0.001,20,10,6.7,"[-4.1659, 8.9312]"
three_hump_camel_function,50,"[-0.2619, 0.0662]",0.1194,0.001,50,5,9.8,"[-6.5062, 4.2892]"
three_hump_camel_function,400,"[-0.0213, 0.5]",0.2403,0.003,20,40,8.6,"[-3.4921, 2.2019]"
three_hump_camel_function,50,"[0.326, 0.0577]",0.2231,0.0,30,5,8.9,"[-5.276, 9.7738]"
three_hump_camel_function,10,"[-0.2487, 0.2154]",0.1125,0.0,30,1,1.6,"[-4.7415, 4.9036]"
three_hump_camel_function,600,"[0.0066, 0.0044]",0.0001,0.006,30,60,0.9,"[-3.7843, 9.203]"
three_hump_camel_function,900,"[-1.7519, 0.8548]",0.2992,0.0121,40,90,0.5,"[-8.1448, 9.825]"
three_hump_camel_function,300,"[-0.1629, 0.6267]",0.343,0.0016,10,30,4.3,"[-1.9373, 7.1038]"
three_hump_camel_function,700,"[0.0268, -0.0447]",0.0022,0.0075,30,70,4.1,"[-9.1953, 1.6383]"
three_hump_camel_function,600,"[-0.1069, 0.2866]",0.0742,0.0045,20,60,8.8,"[-8.9117, 0.0356]"
three_hump_camel_function,50,"[-0.1318, 0.0964]",0.031,0.0,10,5,6.2,"[-3.0438, 4.191]"
three_hump_camel_function,700,"[0.0798, -0.0812]",0.0128,0.0083,30,70,7.4,"[-9.7764, 9.6069]"
three_hump_camel_function,100,"[-0.0386, 0.1454]",0.0185,0.0015,40,10,5.8,"[-8.1966, 7.0918]"
three_hump_camel_function,50,"[-0.0154, -0.272]",0.0786,0.001,50,5,8.5,"[-1.2892, 1.5923]"
three_hump_camel_function,500,"[0.1102, -0.1718]",0.0347,0.003,20,50,4.9,"[-0.8128, 3.4678]"
three_hump_camel_function,700,"[-0.009, -0.0599]",0.0043,0.0107,40,70,2.3,"[-9.1369, 5.0502]"
three_hump_camel_function,400,"[0.0118, -0.2088]",0.0414,0.003,20,40,4.1,"[-4.6694, 5.4025]"
three_hump_camel_function,800,"[0.0027, -0.2653]",0.0697,0.0142,50,80,9.3,"[-9.4015, 2.2603]"
three_hump_camel_function,200,"[-1.5555, 0.9226]",0.469,0.002,30,20,8.1,"[-5.4898, 9.1053]"
three_hump_camel_function,10,"[1.839, -0.6021]",0.4566,0.0,40,1,0.9,"[-7.239, 4.3718]"
three_hump_camel_function,600,"[0.0001, 0.0058]",0.0,0.0106,50,60,0.2,"[-3.4338, 0.4952]"
three_hump_camel_function,200,"[-0.0651, 0.4235]",0.1602,0.003,40,20,9.2,"[-5.8, 8.7451]"
three_hump_camel_function,1000,"[-0.0084, -0.0216]",0.0008,0.0042,10,100,1.0,"[-9.4748, 6.7883]"
three_hump_camel_function,700,"[0.0606, -0.0223]",0.0065,0.012,50,70,3.0,"[-5.929, 7.2798]"
three_hump_camel_function,50,"[-0.0224, 0.097]",0.0082,0.001,40,5,8.8,"[-0.9553, 0.45]"
three_hump_camel_function,800,"[-0.0343, -0.1377]",0.026,0.0109,40,80,6.0,"[-2.4538, 1.7004]"
three_hump_camel_function,1000,"[-0.1246, 0.0926]",0.0278,0.0114,30,100,6.2,"[-1.5519, 1.3965]"
three_hump_camel_function,800,"[0.0685, -0.0467]",0.0084,0.0115,40,80,7.7,"[-6.6143, 2.3793]"
three_hump_camel_function,100,"[-1.6088, 1.3497]",0.6827,0.002,50,10,9.1,"[-8.7778, 7.3255]"
three_hump_camel_function,700,"[0.0929, 0.0636]",0.0271,0.0081,30,70,8.5,"[-8.0042, 5.0731]"
three_hump_camel_function,500,"[-0.0028, -0.0274]",0.0008,0.006,30,50,0.5,"[-6.3857, 2.4015]"
three_hump_camel_function,400,"[-0.0037, 0.112]",0.0122,0.005,30,40,2.9,"[-1.7529, 1.1305]"
three_hump_camel_function,600,"[-0.1687, 0.2305]",0.0703,0.0109,50,60,7.5,"[-9.9269, 5.6741]"
three_hump_camel_function,10,"[-0.0798, 0.0841]",0.0131,0.0,50,1,8.3,"[-3.3679, 1.4967]"
three_hump_camel_function,500,"[-1.7492, 0.8598]",0.2989,0.0085,50,50,0.2,"[-6.0784, 9.5195]"
three_hump_camel_function,900,"[-0.1631, -0.0028]",0.0529,0.0134,40,90,9.0,"[-8.7744, 4.5505]"
three_hump_camel_function,600,"[0.0329, 0.0115]",0.0027,0.0103,50,60,2.0,"[-0.3686, 4.1576]"
three_hump_camel_function,1000,"[-0.1094, -0.1492]",0.0624,0.0164,40,100,6.0,"[-3.6855, 4.3424]"
three_hump_camel_function,100,"[-0.1614, 0.1]",0.0453,0.002,40,10,2.8,"[-2.3295, 5.7556]"
three_hump_camel_function,800,"[-0.1388, 0.2079]",0.0525,0.003,10,80,7.4,"[-9.5902, 8.1478]"
three_hump_camel_function,600,"[0.1395, -0.4099]",0.1494,0.003,10,60,6.1,"[-1.7006, 0.5624]"
three_hump_camel_function,700,"[-0.0016, 0.055]",0.0029,0.0098,40,70,1.4,"[-4.8209, 6.2079]"
three_hump_camel_function,100,"[-1.6049, 0.8488]",0.3917,0.001,30,10,5.9,"[-9.9526, 1.9965]"
three_hump_camel_function,300,"[0.05, -0.2132]",0.0398,0.0042,30,30,2.8,"[-8.5673, 1.862]"
three_hump_camel_function,200,"[0.0205, -0.3833]",0.1399,0.0021,40,20,8.5,"[-0.3122, 2.0878]"
three_hump_camel_function,800,"[0.0116, -0.1181]",0.0129,0.0107,40,80,6.2,"[-7.3081, 2.6529]"
three_hump_camel_function,500,"[-0.3185, 0.1122]",0.1691,0.0087,50,50,8.1,"[-5.7962, 3.8791]"
three_hump_camel_function,900,"[0.1016, -0.0489]",0.0179,0.016,50,90,6.7,"[-3.106, 6.1033]"
three_hump_camel_function,300,"[-0.027, 0.1329]",0.0155,0.005,50,30,4.0,"[-3.5679, 2.1904]"
three_hump_camel_function,600,"[-0.0957, -0.0256]",0.0213,0.006,30,60,5.3,"[-7.2082, 7.6494]"
three_hump_camel_function,300,"[0.1502, 0.2386]",0.1374,0.003,30,30,7.9,"[-7.4262, 2.4756]"
three_hump_camel_function,400,"[-0.1843, 0.1302]",0.0597,0.0015,10,40,3.8,"[-1.1557, 8.145]"
three_hump_camel_function,200,"[0.0235, -0.087]",0.0066,0.001,10,20,1.0,"[-4.4468, 8.0412]"
three_hump_camel_function,700,"[-0.1431, 0.107]",0.0366,0.003,10,70,4.4,"[-5.0315, 3.7213]"
three_hump_camel_function,10,"[1.6341, -0.5929]",0.4097,0.0,20,1,2.1,"[-2.0607, 4.4717]"
three_hump_camel_function,300,"[-0.0469, 0.1763]",0.0272,0.004,40,30,6.5,"[-9.3409, 3.4147]"
three_hump_camel_function,700,"[-0.6671, 0.5662]",0.6397,0.003,10,70,9.0,"[-5.3635, 0.4581]"
three_hump_camel_function,200,"[-0.0841, -0.2031]",0.0724,0.003,40,20,3.3,"[-1.8231, 6.6613]"
three_hump_camel_function,900,"[-0.1472, 0.1374]",0.0415,0.0105,30,90,3.7,"[-4.5101, 0.1194]"
three_hump_camel_function,900,"[0.0899, 0.0607]",0.0252,0.0092,30,90,2.4,"[-9.8349, 6.1868]"
three_hump_camel_function,400,"[0.0201, -0.1744]",0.0277,0.004,20,40,5.4,"[-1.2183, 6.0758]"
three_hump_camel_function,200,"[1.836, -1.5254]",0.7208,0.001,10,20,8.5,"[-7.7717, 3.5879]"
three_hump_camel_function,1000,"[0.0044, -0.0029]",0.0,0.0167,50,100,0.4,"[-7.2879, 8.0531]"
three_hump_camel_function,600,"[-0.1025, -0.4069]",0.2281,0.003,10,60,6.9,"[-8.0864, 1.6389]"
three_hump_camel_function,700,"[0.0102, 0.0092]",0.0004,0.0116,50,70,1.0,"[-4.9138, 4.5588]"
three_hump_camel_function,300,"[0.0654, 0.0349]",0.012,0.005,50,30,4.1,"[-4.3326, 1.2263]"
three_hump_camel_function,800,"[0.0165, -0.0459]",0.0019,0.0107,40,80,6.4,"[-5.2241, 5.3539]"
three_hump_camel_function,1000,"[0.2466, -0.2115]",0.1104,0.0109,30,100,9.7,"[-8.0603, 7.5538]"
three_hump_camel_function,100,"[0.6237, -0.5531]",0.5899,0.0,10,10,7.0,"[-8.863, 7.2365]"
three_hump_camel_function,300,"[-1.8798, 0.817]",0.4419,0.002,20,30,7.5,"[-8.4163, 4.7077]"
three_hump_camel_function,200,"[0.1038, -0.1238]",0.0239,0.0031,50,20,2.8,"[-2.5819, 9.8366]"
three_hump_camel_function,10,"[0.1286, -0.6017]",0.3174,0.0,10,1,8.4,"[-6.9558, 0.2057]"
three_hump_camel_function,200,"[0.0907, 0.1373]",0.0477,0.0015,20,20,0.7,"[-9.8557, 5.8875]"
three_hump_camel_function,700,"[-0.0109, -0.0513]",0.0034,0.0105,40,70,9.2,"[-6.2943, 6.7993]"
three_hump_camel_function,1000,"[0.0002, -0.02]",0.0004,0.0185,50,100,1.0,"[-9.7047, 2.295]"
three_hump_camel_function,100,"[0.2421, -0.0596]",0.1028,0.002,50,10,2.2,"[-9.7325, 8.4322]"
three_hump_camel_function,700,"[0.1021, -0.1572]",0.0294,0.0086,30,70,5.6,"[-5.7263, 3.2658]"
three_hump_camel_function,100,"[-0.2006, -0.2568]",0.1963,0.0,10,10,6.3,"[-6.5863, 9.8419]"
three_hump_camel_function,300,"[-0.0828, -0.2269]",0.0839,0.001,10,30,8.5,"[-0.3411, 9.6005]"
three_hump_camel_function,900,"[0.2333, -0.2173]",0.1023,0.0044,10,90,5.4,"[-7.1098, 3.7403]"
three_hump_camel_function,10,"[0.5129, -0.0745]",0.4239,0.001,50,1,5.5,"[-8.5321, 3.5696]"
three_hump_camel_function,800,"[0.0614, -0.1091]",0.0127,0.0089,30,80,8.2,"[-1.7668, 6.7571]"
three_hump_camel_function,700,"[-0.0504, -0.2023]",0.0562,0.014,40,70,5.1,"[-3.3164, 3.5579]"
three_hump_camel_function,200,"[0.0323, -0.2064]",0.038,0.001,10,20,8.9,"[-8.1014, 3.8325]"
three_hump_camel_function,200,"[-0.2035, -0.0307]",0.0882,0.003,40,20,7.1,"[-1.3351, 2.3574]"
three_hump_camel_function,100,"[-0.0878, -0.0797]",0.0287,0.0015,50,10,5.5,"[-0.5433, 5.7154]"
three_hump_camel_function,700,"[-0.1347, 0.2044]",0.0502,0.0086,20,70,6.6,"[-6.1041, 6.3946]"
three_hump_camel_function,300,"[-0.1436, -0.487]",0.3479,0.0025,20,30,6.8,"[-5.8761, 8.0035]"
three_hump_camel_function,1000,"[0.0349, 0.3683]",0.1509,0.0145,40,100,8.6,"[-8.0023, 0.7366]"
three_hump_camel_function,50,"[0.1077, -0.2082]",0.044,0.0,20,5,0.1,"[-1.0629, 1.256]"
three_hump_camel_function,600,"[-0.1855, 0.4239]",0.1686,0.0105,50,60,6.0,"[-7.979, 7.4307]"
three_hump_camel_function,100,"[-0.3809, 0.0576]",0.25,0.001,20,10,3.8,"[-9.9659, 2.9921]"
three_hump_camel_function,1000,"[-0.2206, 0.0031]",0.0942,0.0075,20,100,8.9,"[-6.9145, 1.967]"
three_hump_camel_function,100,"[-0.361, 0.014]",0.2383,0.001,10,10,6.1,"[-1.7721, 6.2805]"
three_hump_camel_function,300,"[1.1005, -0.2915]",0.9423,0.0009,10,30,8.5,"[-8.4346, 8.5497]"
three_hump_camel_function,600,"[0.0745, -0.1451]",0.0213,0.0105,50,60,5.6,"[-8.7973, 0.7135]"
three_hump_camel_function,700,"[-0.1202, 0.0045]",0.0282,0.006,20,70,2.8,"[-8.2539, 0.9405]"
three_hump_camel_function,300,"[0.0495, 0.1688]",0.0417,0.0055,50,30,2.9,"[-2.9708, 3.7168]"
three_hump_camel_function,300,"[0.0991, -0.2293]",0.0494,0.004,40,30,3.6,"[-8.0158, 9.9083]"
three_hump_camel_function,500,"[-0.0039, 0.0915]",0.008,0.003,10,50,1.6,"[-4.0455, 4.649]"
three_hump_camel_function,50,"[-0.3077, -0.3118]",0.3732,0.001,30,5,3.6,"[-4.5323, 3.2317]"
three_hump_camel_function,1000,"[0.1197, -0.116]",0.028,0.0176,50,100,4.9,"[-1.7012, 4.9579]"
three_hump_camel_function,50,"[0.8155, -0.1552]",0.8123,0.001,30,5,6.1,"[-3.2499, 8.4448]"
three_hump_camel_function,200,"[-0.0023, 0.0092]",0.0001,0.002,30,20,0.4,"[-8.1532, 3.9598]"
three_hump_camel_function,300,"[0.0722, 0.0604]",0.0184,0.0035,30,30,7.4,"[-2.2699, 1.0038]"
three_hump_camel_function,800,"[0.0138, -0.0787]",0.0055,0.004,10,80,1.7,"[-3.0974, 6.207]"
three_hump_camel_function,600,"[-0.0608, 0.1691]",0.0257,0.008,40,60,2.8,"[-5.6238, 9.8303]"
three_hump_camel_function,700,"[0.0938, 0.0299]",0.0212,0.0055,20,70,3.6,"[-9.7006, 7.8888]"
three_hump_camel_function,800,"[0.0315, -0.1233]",0.0133,0.0112,30,80,2.1,"[-2.7603, 0.6185]"
three_hump_camel_function,400,"[0.0211, 0.0952]",0.012,0.003,20,40,7.2,"[-4.9241, 1.4243]"
three_hump_camel_function,900,"[0.0619, 0.0251]",0.0098,0.0155,50,90,4.7,"[-7.6169, 2.5948]"
three_hump_camel_function,100,"[0.1806, -0.0424]",0.0583,0.0,20,10,2.5,"[-3.3034, 7.0016]"
three_hump_camel_function,400,"[1.8513, -0.2461]",0.8355,0.0015,10,40,8.1,"[-9.367, 6.6632]"
three_hump_camel_function,600,"[-0.0804, 0.0848]",0.0133,0.0078,40,60,1.5,"[-5.0812, 2.4448]"
three_hump_camel_function,300,"[-0.0984, 0.2479]",0.0563,0.0023,20,30,4.5,"[-9.6234, 1.0475]"
three_hump_camel_function,500,"[-0.0077, 0.0018]",0.0001,0.0045,30,50,1.5,"[-0.5454, 5.5372]"
three_hump_camel_function,600,"[0.0101, -0.0596]",0.0032,0.0056,20,60,2.0,"[-6.7313, 2.9306]"
three_hump_camel_function,200,"[-0.031, 0.0213]",0.0017,0.003,40,20,1.1,"[-1.188, 8.2957]"
three_hump_camel_function,700,"[0.0066, -0.0024]",0.0001,0.0107,30,70,0.4,"[-0.0485, 7.3023]"
three_hump_camel_function,400,"[0.1706, 0.0473]",0.0676,0.002,10,40,6.8,"[-6.6216, 5.8207]"
three_hump_camel_function,50,"[1.6235, -0.4248]",0.5196,0.001,30,5,8.6,"[-7.0232, 4.8655]"
three_hump_camel_function,700,"[0.1888, 0.0609]",0.0852,0.0066,20,70,5.1,"[-4.2747, 8.4677]"
three_hump_camel_function,100,"[-0.3248, 0.1497]",0.1733,0.001,30,10,5.6,"[-4.8515, 3.0052]"
three_hump_camel_function,200,"[0.0265, -0.1832]",0.0301,0.0032,40,20,7.3,"[-6.2677, 7.5845]"
three_hump_camel_function,900,"[0.0086, 0.0587]",0.0041,0.017,50,90,4.9,"[-3.7475, 1.4212]"
three_hump_camel_function,600,"[-0.0258, -0.0125]",0.0018,0.0087,40,60,1.1,"[-0.6769, 2.178]"
three_hump_camel_function,900,"[0.1833, -0.3388]",0.1187,0.0096,30,90,6.0,"[-7.0104, 9.8779]"
three_hump_camel_function,300,"[0.069, 0.033]",0.0129,0.005,50,30,8.1,"[-5.6957, 3.4304]"
three_hump_camel_function,600,"[-0.3492, 0.0577]",0.2118,0.0246,50,60,8.3,"[-5.6916, 1.0573]"
three_hump_camel_function,300,"[-0.3241, 0.2577]",0.1815,0.0078,40,30,5.7,"[-3.9614, 9.3048]"
three_hump_camel_function,900,"[0.0531, -0.2157]",0.0407,0.0166,50,90,6.0,"[-4.7397, 0.0577]"
three_hump_camel_function,700,"[0.0141, 0.031]",0.0018,0.0127,50,70,1.7,"[-1.7372, 7.8245]"
three_hump_camel_function,300,"[-0.0324, 0.1444]",0.0183,0.004,40,30,6.5,"[-5.5442, 4.3053]"
three_hump_camel_function,50,"[1.4628, -1.2417]",0.8303,0.001,20,5,5.4,"[-9.4906, 0.5508]"
three_hump_camel_function,300,"[0.009, -0.0385]",0.0013,0.0045,40,30,0.5,"[-0.9771, 0.8736]"
three_hump_camel_function,300,"[0.0379, -0.0276]",0.0026,0.0055,30,30,2.2,"[-0.6106, 2.8973]"
three_hump_camel_function,200,"[0.0451, -0.0721]",0.006,0.001,30,20,3.5,"[-4.4889, 0.2712]"
three_hump_camel_function,600,"[0.0839, -0.5786]",0.3003,0.005,20,60,8.5,"[-8.4725, 8.4763]"
three_hump_camel_function,400,"[-0.0039, -0.0282]",0.0009,0.0076,50,40,1.4,"[-6.5592, 5.0226]"
three_hump_camel_function,50,"[0.1614, -0.1562]",0.0506,0.001,30,5,2.4,"[-7.6692, 3.9727]"
three_hump_camel_function,1000,"[-0.0502, -0.0579]",0.0113,0.0116,30,100,2.6,"[-1.7207, 7.6647]"
three_hump_camel_function,100,"[-0.2196, 0.1226]",0.0822,0.002,50,10,7.2,"[-2.1847, 9.4944]"
three_hump_camel_function,50,"[0.4635, -0.4064]",0.3597,0.001,20,5,8.0,"[-9.6496, 5.9441]"
three_hump_camel_function,800,"[0.003, 0.1051]",0.0114,0.0103,40,80,7.2,"[-9.5829, 8.7586]"
three_hump_camel_function,10,"[-0.2376, -0.0214]",0.1152,0.0,40,1,8.9,"[-0.6988, 2.3789]"
three_hump_camel_function,900,"[0.1265, -0.0248]",0.0292,0.0105,30,90,3.7,"[-3.6687, 3.7813]"
three_hump_camel_function,100,"[0.2849, -0.3399]",0.1742,0.001,20,10,3.2,"[-3.848, 3.7117]"
three_hump_camel_function,500,"[0.1701, -0.5651]",0.2802,0.003,20,50,6.5,"[-8.3188, 2.8027]"
three_hump_camel_function,400,"[-0.3608, 0.1356]",0.2124,0.004,30,40,9.8,"[-0.2879, 6.3863]"
three_hump_camel_function,800,"[-0.3103, 0.4298]",0.2343,0.0089,30,80,9.5,"[-3.2893, 7.6187]"
three_hump_camel_function,500,"[0.0023, 0.029]",0.0009,0.0077,40,50,1.2,"[-7.609, 3.6406]"
three_hump_camel_function,600,"[-0.1296, 0.2348]",0.058,0.0067,30,60,6.4,"[-3.6866, 1.5119]"
three_hump_camel_function,100,"[0.1913, -0.2144]",0.0767,0.002,50,10,7.4,"[-5.637, 8.4659]"
three_hump_camel_function,50,"[-0.1059, -0.1132]",0.0471,0.0015,50,5,3.8,"[-1.3318, 7.7138]"
three_hump_camel_function,600,"[0.004, 0.0613]",0.004,0.0117,50,60,3.5,"[-8.8288, 1.3978]"
three_hump_camel_function,100,"[0.0882, -0.1334]",0.0215,0.001,30,10,0.7,"[-9.3656, 4.1509]"
three_hump_camel_function,200,"[0.0633, -0.0528]",0.0074,0.002,20,20,0.5,"[-1.0753, 7.0842]"
three_hump_camel_function,400,"[-0.0626, -0.0753]",0.0182,0.007,50,40,3.7,"[-0.478, 6.8337]"
three_hump_camel_function,300,"[0.1946, -0.1759]",0.071,0.0045,50,30,5.3,"[-1.802, 2.7174]"
three_hump_camel_function,100,"[0.2297, 0.4502]",0.4087,0.0016,40,10,9.7,"[-0.9106, 6.823]"
three_hump_camel_function,400,"[-0.2749, 0.5834]",0.3252,0.004,20,40,7.7,"[-2.169, 1.479]"
three_hump_camel_function,700,"[-0.1367, -0.306]",0.1725,0.003,10,70,8.8,"[-3.5262, 9.7493]"
three_hump_camel_function,100,"[-0.4409, 0.2176]",0.3018,0.0,10,10,9.6,"[-4.3335, 2.6095]"
three_hump_camel_function,400,"[0.1962, -0.1131]",0.066,0.0052,40,40,6.2,"[-8.8683, 9.7312]"
three_hump_camel_function,300,"[-0.0552, 0.0863]",0.0088,0.003,20,30,2.4,"[-8.3626, 1.5305]"
three_hump_camel_function,600,"[0.0615, 0.0317]",0.0105,0.004,20,60,2.6,"[-3.7476, 1.5134]"
three_hump_camel_function,50,"[-1.1182, 0.4142]",0.8934,0.0,10,5,8.5,"[-0.7206, 8.2742]"
three_hump_camel_function,10,"[-1.7667, 0.8657]",0.3012,0.001,50,1,2.5,"[-9.8732, 9.2106]"
three_hump_camel_function,600,"[-0.0707, 0.2272]",0.0455,0.0092,40,60,7.4,"[-6.6149, 4.7151]"
three_hump_camel_function,500,"[0.0041, -0.0613]",0.0035,0.0071,40,50,5.4,"[-3.6653, 7.2678]"
three_hump_camel_function,800,"[-0.079, 0.0309]",0.011,0.0079,30,80,9.7,"[-1.8855, 5.1747]"
three_hump_camel_function,300,"[0.0437, -0.638]",0.383,0.0023,20,30,9.2,"[-3.0183, 4.5624]"
three_hump_camel_function,200,"[-0.0265, -0.0043]",0.0015,0.0036,50,20,1.6,"[-0.9919, 9.9348]"
three_hump_camel_function,900,"[0.0206, -0.0384]",0.0015,0.0156,50,90,1.2,"[-1.9183, 0.1146]"
three_hump_camel_function,300,"[-0.1758, 0.3627]",0.1286,0.004,30,30,8.3,"[-4.7429, 2.6512]"
three_hump_camel_function,50,"[-0.8774, 1.0651]",1.1933,0.0,20,5,8.0,"[-4.242, 9.7565]"
three_hump_camel_function,100,"[0.0289, -0.0192]",0.0015,0.0022,40,10,0.5,"[-5.5698, 0.0754]"
three_hump_camel_function,600,"[0.0167, 0.0196]",0.0013,0.0105,50,60,8.8,"[-5.3681, 3.1713]"
three_hump_camel_function,600,"[-0.0743, -0.0124]",0.0121,0.0106,50,60,4.7,"[-1.4175, 9.8172]"
three_hump_camel_function,10,"[0.1322, 0.6466]",0.5382,0.0,40,1,2.2,"[-1.9001, 4.5957]"
three_hump_camel_function,400,"[-0.2399, 0.4618]",0.2141,0.002,10,40,4.1,"[-4.6941, 9.7079]"
three_hump_camel_function,500,"[0.2518, -0.0062]",0.1211,0.0071,40,50,7.2,"[-8.9964, 5.914]"
three_hump_camel_function,700,"[-0.4669, -0.1013]",0.4454,0.0025,10,70,4.5,"[-1.675, 6.0264]"
three_hump_camel_function,50,"[-0.1234, 0.042]",0.0268,0.0,20,5,3.4,"[-2.9881, 9.5168]"
three_hump_camel_function,100,"[0.1185, 0.0653]",0.0399,0.001,20,10,2.3,"[-5.7908, 8.7478]"
three_hump_camel_function,400,"[-0.1218, -0.0536]",0.0389,0.003,20,40,8.6,"[-9.3706, 0.9811]"
three_hump_camel_function,200,"[-0.0168, -0.0735]",0.0072,0.002,20,20,0.9,"[-5.7277, 0.2362]"
three_hump_camel_function,800,"[-0.1911, 0.164]",0.0672,0.003,10,80,2.6,"[-9.3319, 6.2761]"
three_hump_camel_function,300,"[0.1164, -0.3329]",0.099,0.004,30,30,10.0,"[-4.2302, 0.9521]"
three_hump_camel_function,100,"[0.1847, 0.1284]",0.1072,0.002,50,10,6.7,"[-8.2726, 2.0772]"
three_hump_camel_function,400,"[0.1983, 0.3676]",0.2851,0.004,30,40,7.5,"[-5.3294, 3.3747]"
three_hump_camel_function,100,"[0.2795, 0.4457]",0.4731,0.0016,50,10,0.1,"[-6.8557, 0.9899]"
three_hump_camel_function,50,"[1.5094, -0.2459]",0.7666,0.0011,20,5,9.3,"[-8.9383, 7.7046]"
