Function,Best Solution,Best Fitness,Execution Time,Step Size,Domain,Iterations,Result,Domain_left,Domain_right,Domain_range,Domain_quantile,Step_Size_quantile
rastrigin,"[-0.6881, 1.0411]",15.68338,0.0024,0.2,"[-0.6881, 1.2028]",217,bad,-0.6881,1.2028,1.8909000000000002,1,0
rastrigin,"[1.9899, 0.0]",3.97983,0.002,0.9,"[-0.2631, 3.7636]",220,bad,-0.2631,3.7636,4.0267,4,7
rastrigin,"[-0.8724, -1.9843]",7.79066,0.0104,0.3,"[-4.7849, 1.1918]",999,good,-4.7849,1.1918,5.9767,9,1
rastrigin,"[0.0, 0.995]",0.99496,0.0026,0.7,"[-4.0573, 3.961]",184,bad,-4.0573,3.961,8.0183,13,5
rastrigin,"[0.995, 3.9038]",18.00669,0.0015,0.1,"[-0.4066, 3.9038]",141,bad,-0.4066,3.9038,4.3104,5,0
rastrigin,"[2.9849, 0.995]",9.94956,0.0085,1.0,"[-2.6724, 4.6387]",386,bad,-2.6724,4.6387,7.3111,12,8
rastrigin,"[2.9849, 0.995]",9.94956,0.003,0.7,"[-4.0609, 3.4305]",284,bad,-4.0609,3.4305,7.4914000000000005,13,5
rastrigin,"[-1.9899, -1.9899]",7.95966,0.003,1.0,"[-4.419, 3.1357]",278,bad,-4.419,3.1357,7.5546999999999995,13,8
rastrigin,"[-0.0007, -0.0034]",0.00236,0.0,0.7,"[-0.7679, 1.8531]",53,good,-0.7679,1.8531,2.621,2,5
rastrigin,"[-0.004, -0.0005]",0.0033,0.0,0.4,"[-0.2754, 1.6892]",17,good,-0.2754,1.6892,1.9646,1,2
rastrigin,"[0.0103, -0.0022]",0.02194,0.01,0.5,"[-2.5605, 2.8172]",999,good,-2.5605,2.8172,5.377700000000001,8,3
rastrigin,"[-0.995, -1.9899]",4.97479,0.0031,0.4,"[-3.2048, 1.2728]",317,bad,-3.2048,1.2728,4.4776,6,2
rastrigin,"[-0.995, -0.995]",1.98992,0.0095,0.8,"[-1.4251, 0.0805]",237,bad,-1.4251,0.0805,1.5056,0,6
rastrigin,"[-0.0, 0.995]",0.99496,0.002,0.6,"[-4.525, 3.4996]",188,bad,-4.525,3.4996,8.0246,13,4
rastrigin,"[1.9899, -0.0]",3.97983,0.003,0.1,"[-4.0116, 4.9904]",289,bad,-4.0116,4.9904,9.001999999999999,14,0
rastrigin,"[-2.8947, 0.6955]",24.32906,0.0,0.6,"[-2.8947, 0.6955]",52,bad,-2.8947,0.6955,3.5902,3,4
rastrigin,"[3.9798, -1.9899]",19.89907,0.004,0.5,"[-4.7926, 4.3245]",417,bad,-4.7926,4.3245,9.1171,14,3
rastrigin,"[-0.0044, 0.0005]",0.00393,0.001,0.1,"[-1.2273, 2.4905]",48,good,-1.2273,2.4905,3.7178,4,0
rastrigin,"[-0.995, 0.0]",0.99496,0.0048,0.7,"[-4.8808, 1.6666]",420,bad,-4.8808,1.6666,6.5474,10,5
rastrigin,"[0.9949, 0.0001]",0.99496,0.009,0.8,"[-3.0795, 1.6147]",674,bad,-3.0795,1.6147,4.6942,6,6
rastrigin,"[0.0035, 0.0023]",0.00346,0.001,0.3,"[-1.3408, 0.6329]",28,good,-1.3408,0.6329,1.9737,1,1
rastrigin,"[0.9944, 0.9965]",1.99048,0.01,0.3,"[-0.1813, 2.0283]",999,good,-0.1813,2.0283,2.2096,1,1
rastrigin,"[-1.9899, -2.9849]",12.93443,0.0025,0.7,"[-3.14, 0.1736]",174,bad,-3.14,0.1736,3.3136,3,5
rastrigin,"[-0.0047, -0.0043]",0.0081,0.001,0.6,"[-0.5392, 0.3247]",64,good,-0.5392,0.3247,0.8639,0,4
rastrigin,"[-0.995, -1.9899]",4.97479,0.0185,0.1,"[-4.92, 3.3379]",426,bad,-4.92,3.3379,8.2579,14,0
rastrigin,"[2.9849, 0.0]",8.9546,0.0038,0.4,"[-2.2595, 3.8847]",312,bad,-2.2595,3.8847,6.1442,9,2
rastrigin,"[-0.995, -2.9849]",9.94956,0.0105,0.8,"[-3.2407, 0.1792]",999,good,-3.2407,0.1792,3.4198999999999997,3,6
rastrigin,"[-0.9951, -0.9956]",1.99001,0.0075,0.6,"[-1.211, 0.4552]",737,bad,-1.211,0.4552,1.6662000000000001,0,4
rastrigin,"[-0.995, -3.9798]",16.9142,0.005,0.6,"[-4.4273, 2.1873]",249,bad,-4.4273,2.1873,6.614599999999999,10,4
rastrigin,"[-1.9344, 2.9849]",13.53447,0.002,0.3,"[-1.9344, 4.6154]",214,bad,-1.9344,4.6154,6.5498,10,1
rastrigin,"[-0.995, -2.9849]",9.94956,0.003,0.7,"[-3.9816, 4.1171]",337,bad,-3.9816,4.1171,8.0987,13,5
rastrigin,"[-0.0, -2.9849]",8.9546,0.004,0.6,"[-4.5559, 0.7877]",374,bad,-4.5559,0.7877,5.3436,8,4
rastrigin,"[2.9428, -0.002]",9.30011,0.002,1.0,"[-0.6845, 2.9428]",238,bad,-0.6845,2.9428,3.6273,3,8
rastrigin,"[-2.9849, -2.9849]",17.9092,0.0024,1.0,"[-4.8748, 3.9137]",223,bad,-4.8748,3.9137,8.788499999999999,14,8
rastrigin,"[-0.995, -2.9849]",9.94956,0.0031,0.1,"[-4.8878, 0.0345]",222,bad,-4.8878,0.0345,4.922300000000001,7,0
rastrigin,"[-0.6497, -0.0001]",16.31709,0.001,0.8,"[-0.6497, 0.3403]",177,bad,-0.6497,0.3403,0.99,0,6
rastrigin,"[-1.9899, -3.9798]",19.89907,0.002,0.5,"[-4.1808, 3.0084]",213,bad,-4.1808,3.0084,7.1892,12,3
rastrigin,"[1.9899, 1.9899]",7.95966,0.0042,0.6,"[-0.1168, 2.4328]",226,bad,-0.1168,2.4328,2.5496,1,4
rastrigin,"[1.9899, 0.995]",4.97479,0.002,0.6,"[-1.9841, 4.7925]",239,bad,-1.9841,4.7925,6.7766,11,4
rastrigin,"[0.995, -0.995]",1.98992,0.003,0.7,"[-4.0515, 4.4432]",303,bad,-4.0515,4.4432,8.4947,14,5
rastrigin,"[0.995, 0.0]",0.99496,0.0031,0.2,"[-0.7184, 2.099]",238,bad,-0.7184,2.099,2.8174,2,0
rastrigin,"[-0.0016, -0.0042]",0.00403,0.003,0.8,"[-3.4259, 0.4354]",273,good,-3.4259,0.4354,3.8613,4,6
rastrigin,"[0.995, -0.0]",0.99496,0.003,0.5,"[-0.6613, 3.7812]",295,bad,-0.6613,3.7812,4.4425,6,3
rastrigin,"[0.995, 1.9899]",4.97479,0.002,0.4,"[-1.1372, 2.3664]",221,bad,-1.1372,2.3664,3.5036,3,2
rastrigin,"[-0.0, -2.9849]",8.9546,0.004,0.4,"[-4.5681, 1.6599]",424,bad,-4.5681,1.6599,6.228,9,2
rastrigin,"[-0.995, 0.995]",1.98992,0.002,1.0,"[-3.7575, 3.9485]",205,bad,-3.7575,3.9485,7.7059999999999995,13,8
rastrigin,"[-0.0069, -0.0014]",0.00991,0.001,0.2,"[-3.1307, 3.3668]",53,good,-3.1307,3.3668,6.4975000000000005,10,0
rastrigin,"[0.995, 0.995]",1.98992,0.0078,0.3,"[-2.5763, 3.5865]",802,bad,-2.5763,3.5865,6.1628,9,1
rastrigin,"[3.9798, -0.995]",16.9142,0.005,1.0,"[-3.4926, 4.6499]",516,bad,-3.4926,4.6499,8.1425,14,8
rastrigin,"[-1.9866, 0.0035]",3.98449,0.0096,0.4,"[-2.1052, 3.4604]",999,good,-2.1052,3.4604,5.5656,8,2
rastrigin,"[0.0, -0.995]",0.99496,0.002,0.4,"[-1.3456, 1.9389]",211,bad,-1.3456,1.9389,3.2845,3,2
rastrigin,"[0.0002, -0.7184]",12.48891,0.002,0.4,"[-0.7184, 2.0214]",211,bad,-0.7184,2.0214,2.7398,2,2
rastrigin,"[-2.9849, -2.9847]",17.90921,0.0076,0.7,"[-3.5093, 0.4056]",753,bad,-3.5093,0.4056,3.9149000000000003,4,5
rastrigin,"[0.995, 0.0]",0.99496,0.002,0.3,"[-1.1734, 1.2924]",240,bad,-1.1734,1.2924,2.4657999999999998,1,1
rastrigin,"[-0.995, 0.0]",0.99496,0.002,1.0,"[-2.0345, 4.8705]",221,bad,-2.0345,4.8705,6.904999999999999,11,8
rastrigin,"[-0.995, -0.995]",1.98992,0.0016,0.8,"[-4.5535, 4.3158]",172,bad,-4.5535,4.3158,8.869299999999999,14,6
rastrigin,"[-2.9849, -0.995]",9.94956,0.005,0.1,"[-3.5404, 0.6663]",461,bad,-3.5404,0.6663,4.2067,5,0
rastrigin,"[-3.9798, -3.9798]",31.83849,0.001,0.7,"[-4.6889, 3.9891]",167,bad,-4.6889,3.9891,8.678,14,5
rastrigin,"[0.0, -0.995]",0.99496,0.0023,0.1,"[-1.8327, 0.2214]",248,bad,-1.8327,0.2214,2.0541,1,0
rastrigin,"[0.0, 1.9899]",3.97983,0.005,0.5,"[-4.1061, 4.6293]",515,bad,-4.1061,4.6293,8.735399999999998,14,3
rastrigin,"[1.9899, -0.995]",4.97479,0.0096,0.7,"[-3.9152, 3.7426]",894,bad,-3.9152,3.7426,7.6578,13,5
rastrigin,"[1.9899, 2.9849]",12.93443,0.003,0.9,"[-2.56, 3.3023]",347,bad,-2.56,3.3023,5.862299999999999,9,7
rastrigin,"[0.995, 0.0]",0.99496,0.0045,1.0,"[-0.4825, 2.8223]",362,bad,-0.4825,2.8223,3.3047999999999997,3,8
rastrigin,"[2.9849, 1.9899]",12.93443,0.002,0.3,"[-0.897, 4.0349]",196,bad,-0.897,4.0349,4.931900000000001,7,1
rastrigin,"[-0.995, -2.9849]",9.94956,0.004,0.7,"[-3.8121, 0.7832]",411,bad,-3.8121,0.7832,4.5953,6,5
rastrigin,"[-0.995, -0.0]",0.99496,0.003,0.8,"[-1.977, 0.1433]",327,bad,-1.977,0.1433,2.1203000000000003,1,6
rastrigin,"[1.9899, 1.9899]",7.95966,0.002,0.4,"[-1.8448, 2.9932]",213,bad,-1.8448,2.9932,4.838,6,2
rastrigin,"[-2.9849, -1.9899]",12.93443,0.0025,0.8,"[-4.1128, 0.2357]",267,bad,-4.1128,0.2357,4.3485,5,6
rastrigin,"[0.995, 2.9849]",9.94956,0.0021,0.1,"[-2.8352, 4.0522]",180,bad,-2.8352,4.0522,6.8873999999999995,11,0
rastrigin,"[1.9801, 3.9715]",19.93156,0.0106,0.7,"[-0.1376, 4.8166]",999,good,-0.1376,4.8166,4.9542,7,5
rastrigin,"[0.0031, -0.0053]",0.00751,0.0,0.9,"[-1.7578, 1.2358]",11,good,-1.7578,1.2358,2.9936,2,7
rastrigin,"[-0.995, -2.9849]",9.94956,0.003,0.4,"[-4.7922, 0.4346]",295,bad,-4.7922,0.4346,5.2268,7,2
rastrigin,"[0.004, 0.0025]",0.00433,0.0,0.8,"[-3.2246, 2.8982]",30,good,-3.2246,2.8982,6.1228,9,6
rastrigin,"[-1.9899, 0.7929]",11.9437,0.001,0.5,"[-2.3027, 0.7929]",135,bad,-2.3027,0.7929,3.0956,3,3
rastrigin,"[-0.0, -1.9899]",3.97983,0.0045,0.5,"[-2.8567, 3.913]",362,bad,-2.8567,3.913,6.7697,11,3
rastrigin,"[-0.995, -2.9849]",9.94956,0.002,0.4,"[-4.7817, 3.9214]",246,bad,-4.7817,3.9214,8.7031,14,2
rastrigin,"[0.995, 1.9899]",4.97479,0.002,0.4,"[-2.241, 3.8597]",240,bad,-2.241,3.8597,6.1007,9,2
rastrigin,"[2.9849, -0.0]",8.9546,0.002,0.7,"[-3.2796, 3.8455]",205,bad,-3.2796,3.8455,7.1251,11,5
rastrigin,"[-3.9798, -1.9899]",19.89907,0.0025,1.0,"[-4.4191, 0.8439]",251,bad,-4.4191,0.8439,5.263,7,8
rastrigin,"[-1.9899, -0.995]",4.97479,0.003,0.3,"[-2.4428, 1.78]",314,bad,-2.4428,1.78,4.2228,5,1
rastrigin,"[-1.9899, 0.995]",4.97479,0.007,0.1,"[-3.6256, 2.5062]",659,bad,-3.6256,2.5062,6.1318,9,0
rastrigin,"[-2.9849, -0.995]",9.94956,0.0036,0.9,"[-3.9097, 1.407]",218,bad,-3.9097,1.407,5.3167,7,7
rastrigin,"[-2.9691, -2.9691]",18.00683,0.0015,0.1,"[-2.9691, 0.4811]",64,bad,-2.9691,0.4811,3.4502,3,0
rastrigin,"[-0.995, 0.0]",0.99496,0.0081,0.5,"[-4.2502, 3.3837]",832,bad,-4.2502,3.3837,7.633900000000001,13,3
rastrigin,"[-0.995, 0.995]",1.98992,0.0025,0.9,"[-1.347, 2.7476]",192,bad,-1.347,2.7476,4.0946,5,7
rastrigin,"[-3.9798, -3.9798]",31.83849,0.004,0.4,"[-4.589, 1.0383]",296,bad,-4.589,1.0383,5.6273,8,2
rastrigin,"[-2.9849, -0.0]",8.9546,0.0026,0.4,"[-4.1142, 0.0865]",224,bad,-4.1142,0.0865,4.2007,5,2
rastrigin,"[0.0, 0.995]",0.99496,0.006,0.8,"[-0.3573, 1.2802]",577,bad,-0.3573,1.2802,1.6375,0,6
rastrigin,"[0.0, 0.995]",0.99496,0.0032,0.7,"[-1.0471, 1.7763]",239,bad,-1.0471,1.7763,2.8234,2,5
rastrigin,"[-0.0, 1.9899]",3.97983,0.003,0.7,"[-1.2951, 4.1782]",257,bad,-1.2951,4.1782,5.4733,8,5
rastrigin,"[-0.9092, -0.015]",2.45385,0.002,0.9,"[-0.9092, 1.4413]",221,bad,-0.9092,1.4413,2.3505000000000003,1,7
rastrigin,"[-0.0, 0.995]",0.99496,0.0035,1.0,"[-0.0883, 1.4705]",356,bad,-0.0883,1.4705,1.5588,0,8
rastrigin,"[2.9849, 0.995]",9.94956,0.004,0.6,"[-0.2824, 3.6592]",365,bad,-0.2824,3.6592,3.9415999999999998,4,4
rastrigin,"[0.0045, 0.0027]",0.0055,0.0,0.9,"[-3.3859, 3.7607]",24,good,-3.3859,3.7607,7.146599999999999,12,7
rastrigin,"[-0.995, -0.995]",1.98992,0.002,0.7,"[-3.1726, 0.424]",193,bad,-3.1726,0.424,3.5966,3,5
rastrigin,"[-0.0, -1.9899]",3.97983,0.003,0.4,"[-3.2746, 1.5308]",251,bad,-3.2746,1.5308,4.8054,6,2
rastrigin,"[-0.995, -1.9899]",4.97479,0.005,0.4,"[-2.3998, 0.197]",439,bad,-2.3998,0.197,2.5968,2,2
rastrigin,"[-0.0, -1.9899]",3.97983,0.003,0.6,"[-2.4461, 4.9456]",264,bad,-2.4461,4.9456,7.3917,12,4
rastrigin,"[-0.995, -0.995]",1.98992,0.004,0.2,"[-3.4533, 1.8454]",396,bad,-3.4533,1.8454,5.2987,7,0
rastrigin,"[-1.9899, -0.995]",4.97479,0.0035,0.3,"[-2.6203, 0.325]",280,bad,-2.6203,0.325,2.9453,2,1
himmelblau,"[2.5655, 2.31]",5.25787,0.002,0.8,"[-2.8946, 2.5655]",254,bad,-2.8946,2.5655,5.460100000000001,8,6
himmelblau,"[-3.7706, -3.2763]",0.0048,0.001,0.2,"[-4.5769, 1.1782]",108,good,-4.5769,1.1782,5.7551000000000005,8,0
himmelblau,"[-3.7726, -3.2695]",0.00828,0.0,0.2,"[-4.5447, 2.668]",104,good,-4.5447,2.668,7.2127,12,0
himmelblau,"[2.9925, 2.026]",0.00977,0.001,0.6,"[-2.5127, 4.4382]",61,good,-2.5127,4.4382,6.950900000000001,11,4
himmelblau,"[-2.5152, 3.2464]",3.0853,0.002,0.7,"[-2.5152, 4.8495]",277,bad,-2.5152,4.8495,7.3647,12,5
himmelblau,"[2.3937, 2.0136]",10.90954,0.002,0.3,"[-4.0407, 2.3937]",273,bad,-4.0407,2.3937,6.4344,10,1
himmelblau,"[-2.5696, -2.5696]",57.33396,0.001,0.2,"[-2.5696, 1.6982]",83,bad,-2.5696,1.6982,4.267799999999999,5,0
himmelblau,"[2.0041, -2.2766]",85.78535,0.002,0.2,"[-4.9648, 2.0041]",293,bad,-4.9648,2.0041,6.9689000000000005,11,0
himmelblau,"[0.3578, 0.3578]",152.98458,0.001,1.0,"[-1.1787, 0.3578]",59,bad,-1.1787,0.3578,1.5365000000000002,0,8
himmelblau,"[-3.7741, -3.2696]",0.0077,0.0,1.0,"[-3.9254, 0.1411]",87,good,-3.9254,0.1411,4.0665,4,8
himmelblau,"[-3.7854, -3.2763]",0.0054,0.0,1.0,"[-3.8609, 3.5775]",32,good,-3.8609,3.5775,7.4384,12,8
himmelblau,"[-3.7755, -3.2764]",0.00216,0.0065,0.3,"[-4.41, 0.6235]",854,good,-4.41,0.6235,5.0335,7,1
himmelblau,"[-2.8102, 3.146]",0.00945,0.001,0.6,"[-3.285, 3.6145]",108,good,-3.285,3.6145,6.8995,11,4
himmelblau,"[-2.8283, 1.8783]",40.95273,0.0016,0.2,"[-4.4536, 1.8783]",204,bad,-4.4536,1.8783,6.3319,10,0
himmelblau,"[1.1043, 1.1043]",97.14233,0.0,1.0,"[-3.2561, 1.1043]",59,bad,-3.2561,1.1043,4.3604,5,8
himmelblau,"[-3.7614, -3.278]",0.01706,0.002,0.6,"[-3.7614, 0.563]",300,bad,-3.7614,0.563,4.3244,5,4
himmelblau,"[2.6982, -1.6363]",31.32792,0.002,0.6,"[-4.1656, 2.6982]",210,bad,-4.1656,2.6982,6.8638,11,4
himmelblau,"[-3.7852, -3.2918]",0.0039,0.001,0.2,"[-4.8835, 2.7486]",154,good,-4.8835,2.7486,7.632099999999999,13,0
himmelblau,"[3.5789, -1.8242]",0.00895,0.004,0.7,"[-3.1714, 4.5209]",457,good,-3.1714,4.5209,7.6923,13,5
himmelblau,"[2.1703, 0.3635]",57.18928,0.003,0.1,"[-2.7009, 2.1703]",355,bad,-2.7009,2.1703,4.8712,7,0
himmelblau,"[1.9791, 1.9791]",27.26947,0.001,0.9,"[-0.4721, 1.9791]",73,bad,-0.4721,1.9791,2.4512,1,7
himmelblau,"[3.5953, -1.8397]",0.00793,0.001,0.1,"[-4.6258, 4.2322]",33,good,-4.6258,4.2322,8.858,14,0
himmelblau,"[2.3435, 2.3123]",10.68967,0.001,1.0,"[-1.9899, 2.3435]",173,bad,-1.9899,2.3435,4.3334,5,8
himmelblau,"[-2.5453, 1.1187]",80.3657,0.002,0.9,"[-2.8649, 1.1187]",252,bad,-2.8649,1.1187,3.9836,4,7
himmelblau,"[-3.0204, -3.0204]",24.79314,0.007,0.3,"[-3.0204, 1.7882]",932,bad,-3.0204,1.7882,4.8086,6,1
himmelblau,"[3.0043, 1.98]",0.00569,0.002,0.3,"[-1.0211, 3.7939]",220,good,-1.0211,3.7939,4.8149999999999995,6,1
himmelblau,"[-2.7549, 3.1315]",0.08039,0.0016,0.7,"[-2.7549, 3.6582]",185,bad,-2.7549,3.6582,6.4131,10,5
himmelblau,"[3.001, 2.0093]",0.00171,0.0011,0.4,"[-1.022, 3.7993]",87,good,-1.022,3.7993,4.8213,6,2
himmelblau,"[1.2899, 1.2899]",81.11759,0.0,0.8,"[-0.3863, 1.2899]",68,bad,-0.3863,1.2899,1.6762000000000001,0,6
himmelblau,"[3.0115, 1.9799]",0.00712,0.001,0.6,"[-0.5373, 4.8369]",95,good,-0.5373,4.8369,5.3742,8,4
himmelblau,"[-1.1369, 0.3051]",153.10494,0.001,0.3,"[-1.1369, 0.3051]",71,bad,-1.1369,0.3051,1.442,0,1
himmelblau,"[-1.8391, 0.0866]",134.71347,0.0015,0.4,"[-1.8391, 1.2428]",228,bad,-1.8391,1.2428,3.0819,2,2
himmelblau,"[-1.042, 0.2177]",157.93587,0.0011,0.7,"[-1.042, 0.2177]",57,bad,-1.042,0.2177,1.2597,0,5
himmelblau,"[2.9901, 2.0212]",0.00711,0.001,0.5,"[-4.2967, 3.4848]",110,good,-4.2967,3.4848,7.7815,13,3
himmelblau,"[-3.7723, -3.2685]",0.00946,0.001,0.1,"[-4.4358, 4.6095]",90,good,-4.4358,4.6095,9.045300000000001,14,0
himmelblau,"[2.9928, 2.0261]",0.00991,0.0021,0.8,"[-1.9032, 4.5533]",203,good,-1.9032,4.5533,6.4565,10,6
himmelblau,"[-1.4961, 2.0508]",63.4414,0.0,1.0,"[-1.4961, 2.0508]",53,bad,-1.4961,2.0508,3.5469,3,8
himmelblau,"[-3.7873, -3.2759]",0.00769,0.0,0.1,"[-4.2773, 0.2906]",82,good,-4.2773,0.2906,4.567900000000001,6,0
himmelblau,"[3.4522, -2.0428]",1.65603,0.002,0.7,"[-3.8182, 3.4522]",344,bad,-3.8182,3.4522,7.2704,12,5
himmelblau,"[1.3246, 1.3246]",78.11068,0.0011,0.7,"[-0.2888, 1.3246]",57,bad,-0.2888,1.3246,1.6134,0,5
himmelblau,"[1.8534, 1.8534]",35.55191,0.001,0.9,"[-0.5573, 1.8534]",56,bad,-0.5573,1.8534,2.4107,1,7
himmelblau,"[-3.7688, -3.2825]",0.00619,0.0,0.5,"[-4.0158, 1.2364]",33,good,-4.0158,1.2364,5.252199999999999,7,3
himmelblau,"[3.0167, 1.9843]",0.00931,0.001,0.8,"[-0.8821, 4.4032]",76,good,-0.8821,4.4032,5.2853,7,6
himmelblau,"[-2.8093, 3.1299]",0.00066,0.0,0.8,"[-3.386, 3.8004]",40,good,-3.386,3.8004,7.1864,12,6
himmelblau,"[2.7768, -1.3696]",27.21426,0.002,0.7,"[-3.374, 2.7768]",244,bad,-3.374,2.7768,6.1508,9,5
himmelblau,"[-2.5577, -2.5577]",58.31552,0.0,0.9,"[-2.5577, 0.2366]",59,bad,-2.5577,0.2366,2.7943000000000002,2,7
himmelblau,"[2.9956, 1.9843]",0.00625,0.0,0.4,"[-1.6881, 4.2846]",27,good,-1.6881,4.2846,5.9727,9,2
himmelblau,"[3.5339, -1.2295]",3.8873,0.001,0.2,"[-1.2295, 4.5022]",206,bad,-1.2295,4.5022,5.7317,8,0
himmelblau,"[-3.7795, -3.2846]",8e-05,0.001,0.2,"[-4.011, 0.4082]",210,good,-4.011,0.4082,4.4192,6,0
himmelblau,"[3.0106, 2.0057]",0.0059,0.0,0.7,"[-2.1732, 4.7677]",21,good,-2.1732,4.7677,6.940899999999999,11,5
himmelblau,"[3.0099, 1.9761]",0.00853,0.001,0.2,"[-0.8387, 4.8007]",127,good,-0.8387,4.8007,5.6394,8,0
himmelblau,"[3.0157, 1.9841]",0.00845,0.0,0.7,"[-4.4557, 3.1653]",14,good,-4.4557,3.1653,7.621,13,5
himmelblau,"[-2.3711, 3.0305]",5.5458,0.0021,0.7,"[-2.3711, 4.9766]",253,bad,-2.3711,4.9766,7.347700000000001,12,5
himmelblau,"[2.3232, 2.3203]",11.27291,0.002,1.0,"[-4.9739, 2.3232]",164,bad,-4.9739,2.3232,7.2971,12,8
himmelblau,"[2.2797, 1.7553]",19.07257,0.002,0.3,"[-2.3949, 2.2797]",330,bad,-2.3949,2.2797,4.6746,6,1
himmelblau,"[-3.2691, -2.4872]",24.51124,0.004,0.3,"[-3.2691, 3.9397]",596,bad,-3.2691,3.9397,7.2088,12,1
himmelblau,"[3.5228, -1.082]",5.42719,0.001,0.5,"[-1.082, 4.2607]",200,bad,-1.082,4.2607,5.3427,7,3
himmelblau,"[-0.8137, 0.4056]",157.15931,0.003,0.4,"[-1.1034, 0.4056]",307,bad,-1.1034,0.4056,1.509,0,2
himmelblau,"[2.9959, 2.0172]",0.00426,0.0,0.4,"[-0.827, 3.1161]",41,good,-0.827,3.1161,3.9431,4,2
himmelblau,"[-3.7891, -3.2799]",0.00694,0.0026,0.5,"[-4.9765, 0.4031]",355,good,-4.9765,0.4031,5.3796,8,3
himmelblau,"[2.9952, 1.9948]",0.00181,0.0,0.5,"[-1.7979, 3.0553]",29,good,-1.7979,3.0553,4.8532,7,3
himmelblau,"[-1.12, 0.036]",160.18942,0.001,0.5,"[-1.12, 0.036]",58,bad,-1.12,0.036,1.1560000000000001,0,3
himmelblau,"[2.9939, 2.0254]",0.00941,0.0,0.8,"[-2.3394, 4.3321]",36,good,-2.3394,4.3321,6.6715,10,6
himmelblau,"[-2.8057, 3.1431]",0.00559,0.0,0.7,"[-4.3173, 3.4235]",56,good,-4.3173,3.4235,7.7408,13,5
himmelblau,"[1.3634, 1.3634]",74.76271,0.001,0.6,"[-0.0396, 1.3634]",58,bad,-0.0396,1.3634,1.403,0,4
himmelblau,"[2.6679, 2.1739]",3.07406,0.002,0.6,"[-1.4951, 2.6679]",184,bad,-1.4951,2.6679,4.163,5,4
himmelblau,"[3.594, -1.6419]",0.57985,0.002,0.3,"[-1.6419, 4.6967]",339,bad,-1.6419,4.6967,6.3386,10,1
himmelblau,"[-2.0913, 0.6455]",111.01997,0.0,0.3,"[-2.0913, 0.6455]",75,bad,-2.0913,0.6455,2.7367999999999997,2,1
himmelblau,"[2.2487, -1.3012]",61.8345,0.0013,0.9,"[-3.6504, 2.2487]",200,bad,-3.6504,2.2487,5.8991,9,7
himmelblau,"[2.9887, 2.0048]",0.004,0.0,0.8,"[-0.2221, 4.7058]",87,good,-0.2221,4.7058,4.9279,7,6
himmelblau,"[-1.9227, 3.0986]",18.1392,0.002,0.6,"[-1.9227, 3.8495]",221,bad,-1.9227,3.8495,5.7722,8,4
himmelblau,"[2.115, 2.3625]",17.82482,0.007,0.5,"[-0.3016, 2.5535]",999,good,-0.3016,2.5535,2.8551,2,3
himmelblau,"[-3.7724, -3.2782]",0.00293,0.0,0.5,"[-4.6345, 0.5707]",30,good,-4.6345,0.5707,5.2052,7,3
himmelblau,"[-3.7699, -3.2697]",0.00954,0.0,0.8,"[-4.5982, 0.1473]",112,good,-4.5982,0.1473,4.7455,6,6
himmelblau,"[1.8079, 1.6612]",42.76635,0.003,0.9,"[-2.4188, 1.8079]",293,bad,-2.4188,1.8079,4.2267,5,7
himmelblau,"[3.5791, -1.8683]",0.00825,0.001,0.9,"[-2.3278, 4.7064]",33,good,-2.3278,4.7064,7.0342,11,7
himmelblau,"[2.988, 2.003]",0.0047,0.0,0.8,"[-0.8258, 3.8643]",22,good,-0.8258,3.8643,4.6901,6,6
himmelblau,"[2.9675, 1.9692]",0.07433,0.0035,0.4,"[-3.8661, 2.9675]",454,bad,-3.8661,2.9675,6.8336,11,2
himmelblau,"[1.2183, 1.2183]",87.31394,0.0,0.8,"[-0.3218, 1.2183]",61,bad,-0.3218,1.2183,1.5400999999999998,0,6
himmelblau,"[3.1069, -0.2357]",17.23227,0.001,0.4,"[-1.7878, 3.1069]",212,bad,-1.7878,3.1069,4.8947,7,2
himmelblau,"[-3.7814, -3.2927]",0.00366,0.0,1.0,"[-4.2673, 4.6777]",49,good,-4.2673,4.6777,8.945,14,8
himmelblau,"[-2.2147, 0.0201]",121.81044,0.0015,0.4,"[-2.2147, 0.0201]",65,bad,-2.2147,0.0201,2.2348,1,2
himmelblau,"[-1.8929, 0.1048]",132.35581,0.0,0.4,"[-1.8929, 0.1048]",57,bad,-1.8929,0.1048,1.9977,1,2
himmelblau,"[3.1678, -1.5166]",8.50708,0.001,0.7,"[-3.4413, 3.1678]",240,bad,-3.4413,3.1678,6.6091,10,5
himmelblau,"[2.9713, 2.0544]",0.05043,0.007,0.1,"[-0.4351, 3.2975]",999,good,-0.4351,3.2975,3.7325999999999997,4,0
himmelblau,"[0.1125, 2.7021]",68.81681,0.002,0.1,"[-0.3517, 2.7021]",245,bad,-0.3517,2.7021,3.0538000000000003,2,0
himmelblau,"[-2.3683, 1.8404]",48.38297,0.001,0.3,"[-2.3683, 1.8404]",80,bad,-2.3683,1.8404,4.2087,5,1
himmelblau,"[-3.5917, -3.1424]",2.05765,0.006,0.5,"[-3.5917, 0.3989]",864,bad,-3.5917,0.3989,3.9905999999999997,4,3
himmelblau,"[2.9242, 2.1182]",0.27853,0.003,0.5,"[-4.3502, 2.9242]",362,bad,-4.3502,2.9242,7.2744,12,3
himmelblau,"[3.0099, 1.982]",0.00552,0.004,0.1,"[-4.4136, 3.7136]",516,good,-4.4136,3.7136,8.1272,13,0
himmelblau,"[-2.6997, 3.1105]",0.36233,0.0,0.1,"[-2.6997, 3.1105]",85,bad,-2.6997,3.1105,5.8102,9,0
himmelblau,"[2.9979, 1.9771]",0.00992,0.002,1.0,"[-0.1312, 3.3218]",246,good,-0.1312,3.3218,3.4530000000000003,3,8
himmelblau,"[1.4178, 1.034]",83.66499,0.007,0.1,"[-0.6666, 1.6677]",999,good,-0.6666,1.6677,2.3343,1,0
himmelblau,"[3.3565, 0.364]",12.72431,0.0066,0.2,"[-2.02, 3.8906]",999,good,-2.02,3.8906,5.9106000000000005,9,0
himmelblau,"[2.7361, 2.1411]",1.98723,0.0016,0.5,"[-1.1754, 2.7361]",156,bad,-1.1754,2.7361,3.9115,4,3
himmelblau,"[-1.3622, 0.8646]",126.53792,0.001,0.2,"[-1.3622, 0.8646]",60,bad,-1.3622,0.8646,2.2268,1,0
himmelblau,"[2.4064, -1.7973]",50.95165,0.001,0.4,"[-4.734, 2.4064]",195,bad,-4.734,2.4064,7.1404,12,2
himmelblau,"[-3.0091, 0.3717]",99.91137,0.001,0.3,"[-4.0922, 0.3717]",221,bad,-4.0922,0.3717,4.4639,6,1
himmelblau,"[-2.8994, 1.0828]",78.44267,0.0015,0.2,"[-4.6702, 1.0828]",237,bad,-4.6702,1.0828,5.753,8,0
himmelblau,"[3.015, 1.9781]",0.00987,0.003,0.6,"[-0.9109, 4.2625]",376,good,-0.9109,4.2625,5.1734,7,4
three_hump_camel,"[-0.0369, -0.0462]",0.00657,0.001,0.5,"[-0.7015, 3.0627]",50,good,-0.7015,3.0627,3.7641999999999998,4,3
three_hump_camel,"[0.0731, -0.0535]",0.0096,0.0,1.0,"[-1.3261, 1.6283]",16,good,-1.3261,1.6283,2.9544,2,8
three_hump_camel,"[1.7476, -0.8738]",0.29864,0.005,0.7,"[-3.5392, 3.8826]",633,bad,-3.5392,3.8826,7.4218,12,5
three_hump_camel,"[1.7475, -0.8727]",0.29864,0.0066,0.9,"[-1.4083, 4.9953]",900,bad,-1.4083,4.9953,6.403600000000001,10,7
three_hump_camel,"[-1.744, 0.8275]",0.30069,0.0025,0.5,"[-2.8625, 0.8275]",308,bad,-2.8625,0.8275,3.69,3,3
three_hump_camel,"[1.7475, -0.8712]",0.29865,0.0161,0.1,"[-1.6125, 4.6425]",999,good,-1.6125,4.6425,6.255,9,0
three_hump_camel,"[1.7297, -0.6668]",0.33967,0.002,0.3,"[-0.6668, 2.3164]",221,bad,-0.6668,2.3164,2.9831999999999996,2,1
three_hump_camel,"[-1.7476, 0.8738]",0.29864,0.0075,0.6,"[-4.6339, 1.365]",999,good,-4.6339,1.365,5.9989,9,4
three_hump_camel,"[-0.0172, -0.0495]",0.0039,0.0,0.4,"[-4.0133, 0.0896]",33,good,-4.0133,0.0896,4.1029,5,2
three_hump_camel,"[-0.0066, -0.2787]",0.0796,0.0086,0.5,"[-1.7999, 0.7708]",999,good,-1.7999,0.7708,2.5707,2,3
three_hump_camel,"[-1.7476, 0.874]",0.29864,0.004,0.3,"[-4.3767, 1.9907]",502,bad,-4.3767,1.9907,6.3674,10,1
three_hump_camel,"[0.0322, -0.1042]",0.00958,0.002,1.0,"[-2.761, 0.2222]",226,good,-2.761,0.2222,2.9832,2,8
three_hump_camel,"[0.0431, 0.0149]",0.00458,0.0,0.5,"[-2.5748, 0.6827]",19,good,-2.5748,0.6827,3.2575000000000003,3,3
three_hump_camel,"[0.0095, -0.0865]",0.00684,0.0,0.1,"[-2.0825, 1.2861]",45,good,-2.0825,1.2861,3.3686,3,0
three_hump_camel,"[0.0997, -2.2223]",4.73677,0.0076,0.7,"[-3.1035, 0.7106]",999,good,-3.1035,0.7106,3.8141,4,5
three_hump_camel,"[-0.0559, -0.0199]",0.00776,0.0,0.9,"[-1.8987, 1.998]",4,good,-1.8987,1.998,3.8967,4,7
three_hump_camel,"[0.045, -0.1006]",0.00965,0.002,0.1,"[-1.4121, 1.7691]",205,good,-1.4121,1.7691,3.1811999999999996,3,0
three_hump_camel,"[-1.7476, 0.8739]",0.29864,0.0084,0.8,"[-4.4818, 2.6472]",999,good,-4.4818,2.6472,7.129,12,6
three_hump_camel,"[0.5081, -0.694]",0.57826,0.0071,0.6,"[-3.9705, 3.2744]",999,good,-3.9705,3.2744,7.2448999999999995,12,4
three_hump_camel,"[-0.0287, -0.0764]",0.00969,0.001,1.0,"[-2.8481, 4.7826]",26,good,-2.8481,4.7826,7.630700000000001,13,8
three_hump_camel,"[0.0243, -0.0959]",0.00804,0.001,1.0,"[-4.3129, 1.2423]",118,good,-4.3129,1.2423,5.5552,8,8
three_hump_camel,"[-0.0139, 0.0249]",0.00066,0.0,0.6,"[-0.105, 2.726]",10,good,-0.105,2.726,2.831,2,4
three_hump_camel,"[-0.0618, 0.0756]",0.00866,0.0,1.0,"[-0.1477, 3.8377]",26,good,-0.1477,3.8377,3.9854,4,8
three_hump_camel,"[-0.0418, 0.1004]",0.00937,0.0,0.6,"[-2.074, 4.4287]",40,good,-2.074,4.4287,6.5027,10,4
three_hump_camel,"[-0.0418, 0.1004]",0.00938,0.0,0.9,"[-2.8391, 2.4639]",28,good,-2.8391,2.4639,5.303000000000001,7,7
three_hump_camel,"[0.0288, 0.0455]",0.00504,0.001,0.1,"[-4.7488, 2.0277]",65,good,-4.7488,2.0277,6.7765,11,0
three_hump_camel,"[1.738, -0.7931]",0.30493,0.0081,1.0,"[-2.3105, 3.6159]",999,good,-2.3105,3.6159,5.9264,9,8
three_hump_camel,"[0.0654, -0.0723]",0.00904,0.0,0.2,"[-2.547, 0.9849]",57,good,-2.547,0.9849,3.5319000000000003,3,0
three_hump_camel,"[1.69, -0.4263]",0.49134,0.002,1.0,"[-0.4263, 3.3162]",292,bad,-0.4263,3.3162,3.7424999999999997,4,8
three_hump_camel,"[-0.0323, 0.0947]",0.008,0.0,0.5,"[-0.5299, 1.1502]",30,good,-0.5299,1.1502,1.6801,1,3
three_hump_camel,"[-0.0032, 0.0041]",2e-05,0.0,0.5,"[-2.2735, 1.6674]",32,good,-2.2735,1.6674,3.9409,4,3
three_hump_camel,"[-0.032, -0.063]",0.00804,0.0,0.5,"[-0.3886, 3.7727]",74,good,-0.3886,3.7727,4.1613,5,3
three_hump_camel,"[-0.0615, 0.0304]",0.0066,0.001,0.6,"[-4.3343, 4.2532]",50,good,-4.3343,4.2532,8.587499999999999,14,4
three_hump_camel,"[0.0571, -0.027]",0.0057,0.0,0.6,"[-0.5443, 0.7469]",14,good,-0.5443,0.7469,1.2912,0,4
three_hump_camel,"[0.0532, -0.0974]",0.00996,0.0,0.8,"[-0.5892, 3.8296]",47,good,-0.5892,3.8296,4.4188,5,6
three_hump_camel,"[0.0496, -0.0887]",0.00838,0.0,0.8,"[-4.8456, 1.4353]",85,good,-4.8456,1.4353,6.2809,9,6
three_hump_camel,"[-0.0174, 0.0791]",0.00549,0.0,0.6,"[-0.533, 3.4856]",17,good,-0.533,3.4856,4.0186,4,4
three_hump_camel,"[-1.7718, 1.0165]",0.31929,0.0075,0.4,"[-2.6235, 3.1768]",999,good,-2.6235,3.1768,5.8003,8,2
three_hump_camel,"[-1.7023, 0.851]",0.30965,0.001,0.1,"[-1.7023, 4.8036]",203,bad,-1.7023,4.8036,6.5059000000000005,10,0
three_hump_camel,"[1.7424, -0.8149]",0.30196,0.0046,0.4,"[-1.9121, 4.0614]",572,bad,-1.9121,4.0614,5.9735,9,2
three_hump_camel,"[-1.7541, 0.923]",0.301,0.0074,0.1,"[-4.2511, 2.9617]",999,good,-4.2511,2.9617,7.2128,12,0
three_hump_camel,"[1.7477, -0.8706]",0.29865,0.0076,0.4,"[-1.515, 4.945]",999,good,-1.515,4.945,6.46,10,2
three_hump_camel,"[-0.0186, 0.0318]",0.00111,0.0,0.1,"[-0.1682, 0.3911]",4,good,-0.1682,0.3911,0.5593,0,0
three_hump_camel,"[-1.7478, 0.8754]",0.29864,0.0076,1.0,"[-2.7164, 3.4502]",999,good,-2.7164,3.4502,6.166600000000001,9,8
three_hump_camel,"[0.2738, -0.4679]",0.23494,0.0075,0.4,"[-4.9364, 1.1466]",999,good,-4.9364,1.1466,6.083,9,2
three_hump_camel,"[-0.0261, 0.0615]",0.00354,0.0,0.1,"[-2.4309, 1.8104]",30,good,-2.4309,1.8104,4.2413,5,0
three_hump_camel,"[0.0517, -0.0957]",0.00955,0.0011,0.9,"[-0.4591, 2.4759]",126,good,-0.4591,2.4759,2.935,2,7
three_hump_camel,"[1.7471, -0.8778]",0.29866,0.0081,0.5,"[-3.5517, 4.2831]",999,good,-3.5517,4.2831,7.8347999999999995,13,3
three_hump_camel,"[1.7459, -0.8611]",0.29879,0.0066,0.7,"[-1.5159, 2.6051]",999,good,-1.5159,2.6051,4.121,5,5
three_hump_camel,"[0.0691, -0.0745]",0.00993,0.0076,0.8,"[-0.7678, 0.6808]",915,good,-0.7678,0.6808,1.4485999999999999,0,6
three_hump_camel,"[0.0466, 0.0466]",0.00868,0.0,0.2,"[-4.8367, 0.0466]",44,good,-4.8367,0.0466,4.8833,7,0
three_hump_camel,"[0.03, -0.0495]",0.00277,0.0,0.1,"[-0.1686, 1.8148]",20,good,-0.1686,1.8148,1.9834,1,0
three_hump_camel,"[0.0637, -0.0113]",0.0075,0.0,0.3,"[-0.9054, 1.5803]",14,good,-0.9054,1.5803,2.4857,1,1
three_hump_camel,"[1.7476, -0.8738]",0.29864,0.006,0.6,"[-3.5924, 4.9499]",815,bad,-3.5924,4.9499,8.542300000000001,14,4
three_hump_camel,"[-1.7476, 0.8738]",0.29864,0.005,0.5,"[-2.8905, 3.3945]",705,bad,-2.8905,3.3945,6.285,10,3
three_hump_camel,"[0.0574, -0.0347]",0.00579,0.0,0.3,"[-4.8628, 2.7429]",18,good,-4.8628,2.7429,7.605700000000001,13,1
three_hump_camel,"[-1.7476, 0.8738]",0.29864,0.0076,0.4,"[-3.096, 3.7726]",999,good,-3.096,3.7726,6.868600000000001,11,2
three_hump_camel,"[-0.022, 0.0962]",0.00811,0.0,0.4,"[-2.5017, 3.181]",54,good,-2.5017,3.181,5.6827000000000005,8,2
three_hump_camel,"[-0.0089, 0.0106]",0.00018,0.001,0.1,"[-4.9457, 1.9933]",21,good,-4.9457,1.9933,6.939,11,0
three_hump_camel,"[-1.7446, 0.8628]",0.29878,0.0086,0.3,"[-1.7704, 1.9766]",999,good,-1.7704,1.9766,3.747,4,1
three_hump_camel,"[-0.031, -0.0033]",0.00203,0.0014,0.2,"[-0.3938, 3.9877]",60,good,-0.3938,3.9877,4.3815,5,0
three_hump_camel,"[0.0663, -0.0158]",0.00798,0.0,0.8,"[-1.2929, 0.9086]",15,good,-1.2929,0.9086,2.2015,1,6
three_hump_camel,"[-0.0498, 0.0957]",0.00935,0.0035,0.3,"[-4.3342, 4.4253]",533,good,-4.3342,4.4253,8.7595,14,1
three_hump_camel,"[-0.0441, 0.1031]",0.00997,0.001,0.3,"[-2.2085, 1.6883]",141,good,-2.2085,1.6883,3.8968,4,1
three_hump_camel,"[0.0379, -0.1048]",0.00988,0.0,0.8,"[-0.1048, 2.0839]",30,good,-0.1048,2.0839,2.1887,1,6
three_hump_camel,"[-3.6049, -4.4546]",250.35635,0.0076,0.2,"[-4.5572, 0.2723]",999,good,-4.5572,0.2723,4.8294999999999995,6,0
three_hump_camel,"[1.7476, -0.8738]",0.29864,0.003,0.6,"[-4.1165, 3.8695]",282,bad,-4.1165,3.8695,7.986000000000001,13,4
three_hump_camel,"[0.0276, -0.1061]",0.00985,0.001,1.0,"[-4.8204, 2.5518]",70,good,-4.8204,2.5518,7.3722,12,8
three_hump_camel,"[0.0574, 0.021]",0.00821,0.0,0.5,"[-3.3003, 0.3476]",27,good,-3.3003,0.3476,3.6479,3,3
three_hump_camel,"[-0.0359, 0.065]",0.00447,0.001,0.9,"[-4.6317, 2.1047]",78,good,-4.6317,2.1047,6.7364,11,7
three_hump_camel,"[0.043, -0.0525]",0.0042,0.001,0.3,"[-1.7724, 1.0231]",29,good,-1.7724,1.0231,2.7954999999999997,2,1
three_hump_camel,"[-1.5966, 0.0067]",1.0254,0.0032,0.2,"[-4.3359, 0.0067]",457,bad,-4.3359,0.0067,4.3426,5,0
three_hump_camel,"[-0.0488, 0.0983]",0.00963,0.0,0.7,"[-3.0237, 3.4159]",18,good,-3.0237,3.4159,6.4396,10,5
three_hump_camel,"[0.0006, 0.0468]",0.00222,0.0,1.0,"[-3.033, 1.4056]",7,good,-3.033,1.4056,4.4386,6,8
three_hump_camel,"[-1.747, 0.8688]",0.29866,0.0056,0.2,"[-4.9701, 1.7574]",805,bad,-4.9701,1.7574,6.727500000000001,10,0
three_hump_camel,"[0.0258, -0.0753]",0.00506,0.0,1.0,"[-4.0076, 3.6726]",26,good,-4.0076,3.6726,7.6802,13,8
three_hump_camel,"[1.7476, -0.8738]",0.29864,0.0076,0.5,"[-3.0003, 4.2682]",969,bad,-3.0003,4.2682,7.2685,12,3
three_hump_camel,"[1.7476, -0.8738]",0.29864,0.005,0.8,"[-3.5939, 4.7529]",585,bad,-3.5939,4.7529,8.3468,14,6
three_hump_camel,"[-1.7183, 0.6013]",0.36984,0.001,0.5,"[-4.9966, 0.6013]",247,bad,-4.9966,0.6013,5.5979,8,3
three_hump_camel,"[0.0077, -0.0854]",0.00676,0.0,1.0,"[-3.1613, 0.2834]",54,good,-3.1613,0.2834,3.4447,3,8
three_hump_camel,"[1.7475, -0.8736]",0.29864,0.0075,0.7,"[-3.7415, 4.4291]",999,good,-3.7415,4.4291,8.1706,14,5
three_hump_camel,"[-1.7476, 0.8738]",0.29864,0.0046,0.3,"[-2.1547, 2.8113]",684,bad,-2.1547,2.8113,4.966,7,1
three_hump_camel,"[0.017, 0.0467]",0.00356,0.0,0.9,"[-0.2733, 1.3213]",4,good,-0.2733,1.3213,1.5945999999999998,0,7
three_hump_camel,"[-0.0421, 0.0443]",0.00364,0.0,0.5,"[-4.2619, 4.0243]",73,good,-4.2619,4.0243,8.286200000000001,14,3
three_hump_camel,"[-0.0587, 0.0707]",0.00772,0.0,1.0,"[-3.1743, 0.0707]",17,good,-3.1743,0.0707,3.245,3,8
three_hump_camel,"[-1.7476, 0.8739]",0.29864,0.0075,0.2,"[-3.0747, 2.4968]",999,good,-3.0747,2.4968,5.5715,8,0
three_hump_camel,"[1.7475, -0.8721]",0.29864,0.0076,1.0,"[-1.2303, 4.1926]",971,bad,-1.2303,4.1926,5.422899999999999,8,8
three_hump_camel,"[-0.2198, 1.2402]",1.35965,0.007,0.8,"[-1.6664, 4.7674]",999,good,-1.6664,4.7674,6.433800000000001,10,6
three_hump_camel,"[-0.0058, -0.0454]",0.00239,0.0,0.6,"[-1.0838, 1.6776]",9,good,-1.0838,1.6776,2.7614,2,4
three_hump_camel,"[0.0507, -0.085]",0.00805,0.001,0.3,"[-4.04, 0.4681]",16,good,-4.04,0.4681,4.5081,6,1
three_hump_camel,"[1.7483, -0.8782]",0.29866,0.0069,0.8,"[-4.2087, 4.0699]",954,bad,-4.2087,4.0699,8.2786,14,6
three_hump_camel,"[0.021, -0.1063]",0.00995,0.0,0.7,"[-4.3453, 2.7563]",28,good,-4.3453,2.7563,7.1015999999999995,11,5
three_hump_camel,"[-1.7476, 0.8738]",0.29864,0.003,0.7,"[-3.1422, 2.2082]",326,bad,-3.1422,2.2082,5.3504000000000005,8,5
three_hump_camel,"[-1.7643, 1.051]",0.32882,0.0076,0.2,"[-2.4619, 4.5154]",999,good,-2.4619,4.5154,6.9773,11,0
three_hump_camel,"[-1.6937, 0.5411]",0.40744,0.003,0.1,"[-3.8822, 0.5411]",324,bad,-3.8822,0.5411,4.4233,6,0
three_hump_camel,"[-0.0512, 0.0815]",0.0077,0.0,0.2,"[-4.0242, 2.803]",14,good,-4.0242,2.803,6.8272,11,0
three_hump_camel,"[0.0081, -0.1013]",0.00958,0.0,0.9,"[-0.755, 0.3616]",10,good,-0.755,0.3616,1.1166,0,7
three_hump_camel,"[0.0387, -0.0469]",0.00338,0.0021,0.3,"[-3.9608, 3.861]",283,good,-3.9608,3.861,7.8218,13,1
three_hump_camel,"[0.0296, -0.0708]",0.00467,0.001,0.7,"[-2.9201, 1.5966]",97,good,-2.9201,1.5966,4.5167,6,5
three_hump_camel,"[0.009, 0.0449]",0.00259,0.0,0.5,"[-3.3397, 3.5304]",20,good,-3.3397,3.5304,6.870100000000001,11,3
